query_key,exact,brute,optimality_gap
breast_cancer|0|0,0.4938773487606004,0.4938773487606004,0.0
breast_cancer|0|1,0.21123522013801876,0.21123522013801876,0.0
breast_cancer|0|2,0.05875778024951207,0.05875778024951207,0.0
breast_cancer|0|3,0.5373484614895128,0.5373484614895128,0.0
breast_cancer|0|4,0.7307506032333566,0.7307506032333566,0.0
breast_cancer|0|5,0.336711435188462,0.336711435188462,0.0
breast_cancer|0|6,0.10256883096772432,0.10256883096772432,0.0
breast_cancer|0|7,0.2684882675333335,0.2684882675333335,0.0
breast_cancer|0|8,0.3949219319977215,0.3949219319977215,0.0
breast_cancer|0|9,0.2434758882399989,0.2434758882399989,0.0
breast_cancer|0|10,0.16746067382926758,0.16746067382926758,0.0
breast_cancer|0|11,0.5895794273662069,0.5895794273662069,0.0
breast_cancer|0|12,1.2938651583713154,1.2938651583713154,0.0
breast_cancer|0|13,0.425407329259357,0.425407329259357,0.0
breast_cancer|0|14,0.5220638778202904,0.5220638778202904,0.0
breast_cancer|0|15,0.31486459256685073,0.31486459256685073,0.0
breast_cancer|0|16,1.0475842573295777,1.0475842573295777,0.0
breast_cancer|0|17,0.7215512337198684,0.7215512337198684,0.0
breast_cancer|0|18,0.16116241411264456,0.16116241411264456,0.0
breast_cancer|0|19,0.6307045061798342,0.6307045061798342,0.0
breast_cancer|0|20,0.06758120328036848,0.06758120328036848,0.0
breast_cancer|0|21,0.32199363596620056,0.32199363596620056,0.0
breast_cancer|0|22,0.3925036715034334,0.3925036715034334,0.0
breast_cancer|0|23,1.2141057228053438,1.2141057228053438,0.0
breast_cancer|0|24,1.578995182582068,1.578995182582068,0.0
breast_cancer|0|25,0.11298316869614333,0.11298316869614333,0.0
breast_cancer|0|26,0.18034580731414385,0.18034580731414385,0.0
breast_cancer|0|27,0.3663557600777536,0.3663557600777536,0.0
breast_cancer|0|28,0.5607038002007222,0.5607038002007222,0.0
breast_cancer|0|29,0.5525596180737204,0.5525596180737204,0.0
breast_cancer|0|30,0.4293525107978276,0.4293525107978276,0.0
breast_cancer|0|31,1.1548934500081445,1.1548934500081445,0.0
breast_cancer|0|32,0.20389494274672273,0.20389494274672273,0.0
breast_cancer|0|33,0.5567849650854064,0.5567849650854064,0.0
breast_cancer|0|34,0.5371907895088275,0.5371907895088275,0.0
breast_cancer|0|35,0.28754801199595126,0.28754801199595126,0.0
breast_cancer|0|36,0.11751556052971467,0.11751556052971467,0.0
breast_cancer|0|37,0.9414243120268253,0.9414243120268253,0.0
breast_cancer|0|38,0.42321201296213123,0.42321201296213123,0.0
breast_cancer|0|39,2.071331461736977,2.071331461736977,0.0
breast_cancer|0|40,0.5404908611848829,0.5404908611848829,0.0
breast_cancer|0|41,0.7282093039716745,0.7282093039716745,0.0
breast_cancer|0|42,0.6260864702825698,0.6260864702825698,0.0
breast_cancer|0|43,0.26411722239020097,0.26411722239020097,0.0
breast_cancer|0|44,0.5967983341575781,0.5967983341575781,0.0
breast_cancer|0|45,0.38765629168756727,0.38765629168756727,0.0
breast_cancer|0|46,0.005617907741239991,0.005617907741239991,0.0
breast_cancer|0|47,0.3490222148950938,0.3490222148950938,0.0
breast_cancer|0|48,0.5728893577626658,0.5728893577626658,0.0
breast_cancer|0|49,0.5487274734846268,0.5487274734846268,0.0
breast_cancer|0|50,0.5457645603241015,0.5457645603241015,0.0
breast_cancer|0|51,0.9094039413296275,0.9094039413296275,0.0
breast_cancer|0|52,0.7172509503336002,0.7172509503336002,0.0
breast_cancer|0|53,0.11457867157708532,0.11457867157708532,0.0
breast_cancer|0|54,0.4130681954005144,0.4130681954005144,0.0
breast_cancer|0|55,0.36723612672057565,0.36723612672057565,0.0
breast_cancer|0|56,1.4087692462502133,1.4087692462502133,0.0
breast_cancer|0|57,0.6518682802517526,0.6518682802517526,0.0
breast_cancer|0|58,0.3814686572949634,0.3814686572949634,0.0
breast_cancer|0|59,0.6838377246135393,0.6838377246135393,0.0
breast_cancer|1|0,0.6456474522710566,0.6456474522710566,0.0
breast_cancer|1|1,0.5521832234263658,0.5521832234263658,0.0
breast_cancer|1|2,1.7351074800619901,1.7351074800619901,0.0
breast_cancer|1|3,0.8656571986959428,0.8656571986959428,0.0
breast_cancer|1|4,0.37395371433694985,0.37395371433694985,0.0
breast_cancer|1|5,0.16114772205702046,0.16114772205702046,0.0
breast_cancer|1|6,0.22130607011452197,0.22130607011452197,0.0
breast_cancer|1|7,0.08434138148881498,0.08434138148881498,0.0
breast_cancer|1|8,1.597279438636838,1.597279438636838,0.0
breast_cancer|1|9,0.968394786760493,0.968394786760493,0.0
breast_cancer|1|10,0.16846611729516053,0.16846611729516053,0.0
breast_cancer|1|11,0.5109336683572074,0.5109336683572074,0.0
breast_cancer|1|12,0.26381326466382354,0.26381326466382354,0.0
breast_cancer|1|13,0.5009642059907823,0.5009642059907823,0.0
breast_cancer|1|14,0.18144690202519453,0.18144690202519453,0.0
breast_cancer|1|15,0.5043184587766191,0.5043184587766191,0.0
breast_cancer|1|16,0.11281941889259056,0.11281941889259056,0.0
breast_cancer|1|17,0.7408055283856824,0.7408055283856824,0.0
breast_cancer|1|18,0.4788277054308234,0.4788277054308234,0.0
breast_cancer|1|19,0.9009453939853403,0.9009453939853403,0.0
breast_cancer|1|20,1.2307504824040003,1.2307504824040003,0.0
breast_cancer|1|21,0.595893941299523,0.595893941299523,0.0
breast_cancer|1|22,0.5506077327679721,0.5506077327679721,0.0
breast_cancer|1|23,0.33601132619081153,0.33601132619081153,0.0
breast_cancer|1|24,0.6749868195258072,0.6749868195258072,0.0
breast_cancer|1|25,0.7456627534875329,0.7456627534875329,0.0
breast_cancer|1|26,0.590764507642914,0.590764507642914,0.0
breast_cancer|1|27,0.38917419028351596,0.38917419028351596,0.0
breast_cancer|1|28,0.5921073586642704,0.5921073586642704,0.0
breast_cancer|1|29,0.353050713169597,0.353050713169597,0.0
breast_cancer|1|30,0.0952082815829447,0.0952082815829447,0.0
breast_cancer|1|31,0.72163199945425,0.72163199945425,0.0
breast_cancer|1|32,0.45778356812393933,0.45778356812393933,0.0
breast_cancer|1|33,0.27623999638193997,0.27623999638193997,0.0
breast_cancer|1|34,0.6280923640732673,0.6280923640732673,0.0
breast_cancer|1|35,0.4450896731083827,0.4450896731083827,0.0
breast_cancer|1|36,0.4431316254024377,0.4431316254024377,0.0
breast_cancer|1|37,0.3518233900077362,0.3518233900077362,0.0
breast_cancer|1|38,0.27424792698065326,0.27424792698065326,0.0
breast_cancer|1|39,0.3856143299730153,0.3856143299730153,0.0
breast_cancer|1|40,1.801739755208003,1.801739755208003,0.0
breast_cancer|1|41,0.2513382814275898,0.2513382814275898,0.0
breast_cancer|1|42,1.30901532419562,1.30901532419562,0.0
breast_cancer|1|43,1.0158696383921817,1.0158696383921817,0.0
breast_cancer|1|44,0.6485156893586279,0.6485156893586279,0.0
breast_cancer|1|45,1.0200179263988343,1.0200179263988343,0.0
breast_cancer|1|46,0.5812212394729329,0.5812212394729329,0.0
breast_cancer|1|47,0.9448195165469697,0.9448195165469697,0.0
breast_cancer|1|48,0.38797224353834614,0.38797224353834614,0.0
breast_cancer|1|49,0.6371891517326506,0.6371891517326506,0.0
breast_cancer|1|50,0.7153492183546948,0.7153492183546948,0.0
breast_cancer|1|51,0.9237105190675914,0.9237105190675914,0.0
breast_cancer|1|52,0.6249127977776202,0.6249127977776202,0.0
breast_cancer|1|53,0.5578600956981274,0.5578600956981274,0.0
breast_cancer|1|54,0.6175758240455943,0.6175758240455943,0.0
breast_cancer|1|55,0.10988904435475022,0.10988904435475022,0.0
breast_cancer|1|56,0.49787163479337004,0.49787163479337004,0.0
breast_cancer|1|57,0.1347858323649499,0.1347858323649499,0.0
breast_cancer|1|58,0.2406007020378058,0.2406007020378058,0.0
breast_cancer|1|59,0.2033689937403995,0.2033689937403995,0.0
breast_cancer|2|0,1.0806293945427616,1.0806293945427616,0.0
breast_cancer|2|1,0.9989176494065921,0.9989176494065921,0.0
breast_cancer|2|2,0.3878828578922162,0.3878828578922162,0.0
breast_cancer|2|3,0.4678259372664817,0.4678259372664817,0.0
breast_cancer|2|4,0.5298030898982314,0.5298030898982314,0.0
breast_cancer|2|5,1.080658386656138,1.080658386656138,0.0
breast_cancer|2|6,2.122204207581915,2.122204207581915,0.0
breast_cancer|2|7,0.6207025812649948,0.6207025812649948,0.0
breast_cancer|2|8,0.9534616784323857,0.9534616784323857,0.0
breast_cancer|2|9,0.27127821939868957,0.27127821939868957,0.0
breast_cancer|2|10,0.7383240207340503,0.7383240207340503,0.0
breast_cancer|2|11,0.5213021126228888,0.5213021126228888,0.0
breast_cancer|2|12,0.36141413276792433,0.36141413276792433,0.0
breast_cancer|2|13,1.1309023964184663,1.1309023964184663,0.0
breast_cancer|2|14,0.09498325795684792,0.09498325795684792,0.0
breast_cancer|2|15,0.9911613492521238,0.9911613492521238,0.0
breast_cancer|2|16,0.7168761105379724,0.7168761105379724,0.0
breast_cancer|2|17,1.8132116177337438,1.8132116177337438,0.0
breast_cancer|2|18,0.7237706105203622,0.7237706105203622,0.0
breast_cancer|2|19,0.5867741209232253,0.5867741209232253,0.0
breast_cancer|2|20,0.6658853121011925,0.6658853121011925,0.0
breast_cancer|2|21,0.2896210764673129,0.2896210764673129,0.0
breast_cancer|2|22,0.5807496965523196,0.5807496965523196,0.0
breast_cancer|2|23,0.2943987631721253,0.2943987631721253,0.0
breast_cancer|2|24,1.974980361937399,1.974980361937399,0.0
breast_cancer|2|25,0.5416607777460672,0.5416607777460672,0.0
breast_cancer|2|26,1.6520641004546865,1.6520641004546865,0.0
breast_cancer|2|27,0.13452164960627966,0.13452164960627966,0.0
breast_cancer|2|28,0.1918658712856013,0.1918658712856013,0.0
breast_cancer|2|29,0.8130882787870883,0.8130882787870883,0.0
breast_cancer|2|30,0.5449630364149534,0.5449630364149534,0.0
breast_cancer|2|31,0.7158716248396217,0.7158716248396217,0.0
breast_cancer|2|32,1.305607283632585,1.305607283632585,0.0
breast_cancer|2|33,0.6341460160341168,0.6341460160341168,0.0
breast_cancer|2|34,0.29040674120695154,0.29040674120695154,0.0
breast_cancer|2|35,0.5131514767299207,0.5131514767299207,0.0
breast_cancer|2|36,0.1063522378864573,0.1063522378864573,0.0
breast_cancer|2|37,1.358062238698435,1.358062238698435,0.0
breast_cancer|2|38,0.06290824722378752,0.06290824722378752,0.0
breast_cancer|2|39,0.5949835986673419,0.5949835986673419,0.0
breast_cancer|2|40,0.9267276584803036,0.9267276584803036,0.0
breast_cancer|2|41,0.777024742965618,0.777024742965618,0.0
breast_cancer|2|42,0.49903478884136887,0.49903478884136887,0.0
breast_cancer|2|43,1.508411805705599,1.508411805705599,0.0
breast_cancer|2|44,0.4826164735203369,0.4826164735203369,0.0
breast_cancer|2|45,0.6160568066599189,0.6160568066599189,0.0
breast_cancer|2|46,0.009555348180530387,0.009555348180530387,0.0
breast_cancer|2|47,0.18211700914334744,0.18211700914334744,0.0
breast_cancer|2|48,0.5669673995356873,0.5669673995356873,0.0
breast_cancer|2|49,0.29454241827745525,0.29454241827745525,0.0
breast_cancer|2|50,0.5993498166945225,0.5993498166945225,0.0
breast_cancer|2|51,0.1747579465076883,0.1747579465076883,0.0
breast_cancer|2|52,0.6712001411727102,0.6712001411727102,0.0
breast_cancer|2|53,0.00990337553326559,0.00990337553326559,0.0
breast_cancer|2|54,0.5012976088252505,0.5012976088252505,0.0
breast_cancer|2|55,0.6962350186145605,0.6962350186145605,0.0
breast_cancer|2|56,0.5646202887795821,0.5646202887795821,0.0
breast_cancer|2|57,1.0287967995257774,1.0287967995257774,0.0
breast_cancer|2|58,0.7297830906209709,0.7297830906209709,0.0
breast_cancer|2|59,0.8348341508289024,0.8348341508289024,0.0
breast_cancer|3|0,1.2170502119213384,1.2170502119213384,0.0
breast_cancer|3|1,1.399411213348215,1.399411213348215,0.0
breast_cancer|3|2,0.23013377326650566,0.23013377326650566,0.0
breast_cancer|3|3,1.7350387080292842,1.7350387080292842,0.0
breast_cancer|3|4,3.326433997299832,3.326433997299832,0.0
breast_cancer|3|5,0.199350645753224,0.199350645753224,0.0
breast_cancer|3|6,2.6626282132492105,2.6626282132492105,0.0
breast_cancer|3|7,1.278217722792614,1.278217722792614,0.0
breast_cancer|3|8,0.7408106428610225,0.7408106428610225,0.0
breast_cancer|3|9,0.6622974846905593,0.6622974846905593,0.0
breast_cancer|3|10,1.9303881032276808,1.9303881032276808,0.0
breast_cancer|3|11,0.496429528319914,0.496429528319914,0.0
breast_cancer|3|12,0.8925413502930906,0.8925413502930906,0.0
breast_cancer|3|13,0.45727879654764353,0.45727879654764353,0.0
breast_cancer|3|14,5.156775301673468,5.156775301673468,0.0
breast_cancer|3|15,0.6373495980273078,0.6373495980273078,0.0
breast_cancer|3|16,0.3694077727973709,0.3694077727973709,0.0
breast_cancer|3|17,3.550231453783,3.550231453783,0.0
breast_cancer|3|18,0.5547130571759512,0.5547130571759512,0.0
breast_cancer|3|19,2.78628592476042,2.78628592476042,0.0
breast_cancer|3|20,0.970523874862782,0.970523874862782,0.0
breast_cancer|3|21,2.05690967384211,2.05690967384211,0.0
breast_cancer|3|22,0.33663654151806455,0.33663654151806455,0.0
breast_cancer|3|23,0.1733485180881467,0.1733485180881467,0.0
breast_cancer|3|24,0.3317512821918166,0.3317512821918166,0.0
breast_cancer|3|25,1.374825140591186,1.374825140591186,0.0
breast_cancer|3|26,0.34710259924191256,0.34710259924191256,0.0
breast_cancer|3|27,4.0581735057085995,4.0581735057085995,0.0
breast_cancer|3|28,0.20293714612082103,0.20293714612082103,0.0
breast_cancer|3|29,1.318331379684114,1.318331379684114,0.0
breast_cancer|3|30,0.5648738075755506,0.5648738075755506,0.0
breast_cancer|3|31,1.1453709055885484,1.1453709055885484,0.0
breast_cancer|3|32,1.1427472383722486,1.1427472383722486,0.0
breast_cancer|3|33,0.5299489390306745,0.5299489390306745,0.0
breast_cancer|3|34,0.00597850242355899,0.00597850242355899,0.0
breast_cancer|3|35,0.008966250598029819,0.008966250598029819,0.0
breast_cancer|3|36,0.5950662759346201,0.5950662759346201,0.0
breast_cancer|3|37,0.39994886783346517,0.39994886783346517,0.0
breast_cancer|3|38,0.8958523491137311,0.8958523491137311,0.0
breast_cancer|3|39,2.4215635597377347,2.4215635597377347,0.0
breast_cancer|3|40,0.1421642626227757,0.1421642626227757,0.0
breast_cancer|3|41,0.5407453233159467,0.5407453233159467,0.0
breast_cancer|3|42,0.15541601625016188,0.15541601625016188,0.0
breast_cancer|3|43,0.6541209776990597,0.6541209776990597,0.0
breast_cancer|3|44,0.4928459258349047,0.4928459258349047,0.0
breast_cancer|3|45,0.8607600879022959,0.8607600879022959,0.0
breast_cancer|3|46,0.10763900188430531,0.10763900188430531,0.0
breast_cancer|3|47,0.6353589524150631,0.6353589524150631,0.0
breast_cancer|3|48,0.6312569356716257,0.6312569356716257,0.0
breast_cancer|3|49,0.3847406813096779,0.3847406813096779,0.0
breast_cancer|3|50,0.25464252642034324,0.25464252642034324,0.0
breast_cancer|3|51,1.4282078988755953,1.4282078988755953,0.0
breast_cancer|3|52,2.6694851777562967,2.6694851777562967,0.0
breast_cancer|3|53,3.346698136869576,3.346698136869576,0.0
breast_cancer|3|54,0.20592589642715206,0.20592589642715206,0.0
breast_cancer|3|55,1.814171435621808,1.814171435621808,0.0
breast_cancer|3|56,0.3002576005030112,0.3002576005030112,0.0
breast_cancer|3|57,0.6276878320396457,0.6276878320396457,0.0
breast_cancer|3|58,0.04420240474304121,0.04420240474304121,0.0
breast_cancer|3|59,0.789927706284182,0.789927706284182,0.0
breast_cancer|4|0,0.6183280894210195,0.6183280894210195,0.0
breast_cancer|4|1,0.8800538272058653,0.8800538272058653,0.0
breast_cancer|4|2,0.47006497998865837,0.47006497998865837,0.0
breast_cancer|4|3,1.4599399614309154,1.4599399614309154,0.0
breast_cancer|4|4,0.15892152832065937,0.15892152832065937,0.0
breast_cancer|4|5,0.6656273091572347,0.6656273091572347,0.0
breast_cancer|4|6,0.6551924719274125,0.6551924719274125,0.0
breast_cancer|4|7,0.7043399176716552,0.7043399176716552,0.0
breast_cancer|4|8,0.8459094200104199,0.8459094200104199,0.0
breast_cancer|4|9,0.05731919552564968,0.05731919552564968,0.0
breast_cancer|4|10,0.28806605725611467,0.28806605725611467,0.0
breast_cancer|4|11,0.24436829119977388,0.24436829119977388,0.0
breast_cancer|4|12,1.3583698368393033,1.3583698368393033,0.0
breast_cancer|4|13,0.38845297613153257,0.38845297613153257,0.0
breast_cancer|4|14,0.939633114449428,0.939633114449428,0.0
breast_cancer|4|15,0.8398714065988448,0.8398714065988448,0.0
breast_cancer|4|16,0.6597868023279106,0.6597868023279106,0.0
breast_cancer|4|17,0.9297856445255251,0.9297856445255251,0.0
breast_cancer|4|18,0.3379312837112603,0.3379312837112603,0.0
breast_cancer|4|19,0.4621282270276236,0.4621282270276236,0.0
breast_cancer|4|20,0.5129610511088216,0.5129610511088216,0.0
breast_cancer|4|21,0.7812016044123787,0.7812016044123787,0.0
breast_cancer|4|22,0.3977796016039312,0.3977796016039312,0.0
breast_cancer|4|23,1.0717771503221962,1.0717771503221962,0.0
breast_cancer|4|24,2.022121420391129,2.022121420391129,0.0
breast_cancer|4|25,0.47825586696625894,0.47825586696625894,0.0
breast_cancer|4|26,2.1747206793417373,2.1747206793417373,0.0
breast_cancer|4|27,1.2325133274879865,1.2325133274879865,0.0
breast_cancer|4|28,1.584705662986841,1.584705662986841,0.0
breast_cancer|4|29,0.9695314388811754,0.9695314388811754,0.0
breast_cancer|4|30,0.9043723331013813,0.9043723331013813,0.0
breast_cancer|4|31,0.2553469542953164,0.2553469542953164,0.0
breast_cancer|4|32,0.1288181438938884,0.1288181438938884,0.0
breast_cancer|4|33,0.44094402491224804,0.44094402491224804,0.0
breast_cancer|4|34,0.14615728296876174,0.14615728296876174,0.0
breast_cancer|4|35,0.3852708961515654,0.3852708961515654,0.0
breast_cancer|4|36,1.388271059558869,1.388271059558869,0.0
breast_cancer|4|37,1.1386853238788743,1.1386853238788743,0.0
breast_cancer|4|38,0.6677939787921858,0.6677939787921858,0.0
breast_cancer|4|39,0.14954849990952526,0.14954849990952526,0.0
breast_cancer|4|40,0.6708878192862315,0.6708878192862315,0.0
breast_cancer|4|41,0.23031359551567307,0.23031359551567307,0.0
breast_cancer|4|42,0.6038175399036072,0.6038175399036072,0.0
breast_cancer|4|43,0.4774919057185737,0.4774919057185737,0.0
breast_cancer|4|44,0.6328386389384314,0.6328386389384314,0.0
breast_cancer|4|45,0.07403700153557391,0.07403700153557391,0.0
breast_cancer|4|46,1.3277004284788854,1.3277004284788854,0.0
breast_cancer|4|47,0.5685978589764829,0.5685978589764829,0.0
breast_cancer|4|48,1.3966333282574073,1.3966333282574073,0.0
breast_cancer|4|49,0.9183947025371192,0.9183947025371192,0.0
breast_cancer|4|50,0.07558971492202447,0.07558971492202447,0.0
breast_cancer|4|51,0.10005657282352816,0.10005657282352816,0.0
breast_cancer|4|52,0.4879523941656714,0.4879523941656714,0.0
breast_cancer|4|53,0.6005600696037801,0.6005600696037801,0.0
breast_cancer|4|54,0.5742898676839158,0.5742898676839157,1.1102230246251565e-16
breast_cancer|4|55,1.1186854324999256,1.1186854324999256,0.0
breast_cancer|4|56,0.6357999755746377,0.6357999755746377,0.0
breast_cancer|4|57,0.6525666080111878,0.6525666080111878,0.0
breast_cancer|4|58,0.25999255973756813,0.25999255973756813,0.0
breast_cancer|4|59,0.6180319557573987,0.6180319557573987,0.0
wine_binary|0|0,0.800087762297435,0.800087762297435,0.0
wine_binary|0|1,0.8616983647193367,0.8616983647193367,0.0
wine_binary|0|2,1.5550021954702815,1.5550021954702815,0.0
wine_binary|0|3,1.0548508848997578,1.0548508848997578,0.0
wine_binary|0|4,0.9527685411282361,0.9527685411282361,0.0
wine_binary|0|5,0.575899428190781,0.575899428190781,0.0
wine_binary|0|6,0.9936024801154424,0.9936024801154424,0.0
wine_binary|0|7,0.8553457276360126,0.8553457276360126,0.0
wine_binary|0|8,0.19196742429843172,0.19196742429843172,0.0
wine_binary|0|9,0.41928797570052434,0.41928797570052434,0.0
wine_binary|0|10,1.7206658482983965,1.7206658482983965,0.0
wine_binary|0|11,2.1299760794474363,2.1299760794474363,0.0
wine_binary|0|12,0.8745132089959405,0.8745132089959405,0.0
wine_binary|0|13,1.2760302978833187,1.2760302978833187,0.0
wine_binary|0|14,1.5216097243073392,1.5216097243073392,0.0
wine_binary|0|15,0.5534595916806744,0.5534595916806744,0.0
wine_binary|0|16,1.6631197927593884,1.6631197927593884,0.0
wine_binary|0|17,1.6915252533079683,1.6915252533079683,0.0
wine_binary|0|18,1.2914034795714993,1.2914034795714993,0.0
wine_binary|0|19,0.40526298201640354,0.40526298201640354,0.0
wine_binary|0|20,0.7038767628215641,0.7038767628215641,0.0
wine_binary|0|21,2.029347367462324,2.029347367462324,0.0
wine_binary|0|22,0.7877418426061507,0.7877418426061507,0.0
wine_binary|0|23,1.0548508848997578,1.0548508848997578,0.0
wine_binary|0|24,1.403619643307904,1.403619643307904,0.0
wine_binary|0|25,0.27728564738562045,0.27728564738562045,0.0
wine_binary|0|26,0.56145289000407,0.56145289000407,0.0
wine_binary|0|27,1.7295545600848103,1.7295545600848103,0.0
wine_binary|0|28,0.08506861907030253,0.08506861907030253,0.0
wine_binary|0|29,1.9622615594722492,1.9622615594722492,0.0
wine_binary|0|30,1.9587708731115216,1.9587708731115216,0.0
wine_binary|0|31,1.2760302978833187,1.2760302978833187,0.0
wine_binary|0|32,1.8556727744986103,1.8556727744986103,0.0
wine_binary|0|33,1.6534049819791337,1.6534049819791337,0.0
wine_binary|0|34,0.7465358743651574,0.7465358743651574,0.0
wine_binary|0|35,1.318615887804714,1.318615887804714,0.0
wine_binary|0|36,1.32322132689601,1.32322132689601,0.0
wine_binary|0|37,0.48637378369059947,0.48637378369059947,0.0
wine_binary|0|38,1.642772158945273,1.642772158945273,0.0
wine_binary|0|39,0.8318540974523462,0.8318540974523462,0.0
wine_binary|0|40,1.2914034795714993,1.2914034795714993,0.0
wine_binary|0|41,0.4479220935599979,0.4479220935599979,0.0
wine_binary|0|42,0.6331974685458468,0.6331974685458468,0.0
wine_binary|0|43,1.0901460556012743,1.0901460556012743,0.0
wine_binary|0|44,0.6540883036657876,0.6540883036657876,0.0
wine_binary|0|45,0.23462653584202608,0.23462653584202608,0.0
wine_binary|0|46,0.2552068601681028,0.2552068601681028,0.0
wine_binary|0|47,1.1304678782575066,1.1304678782575066,0.0
wine_binary|0|48,0.9943155424984279,0.9943155424984279,0.0
wine_binary|0|49,0.9559744396211244,0.9559744396211244,0.0
wine_binary|0|50,0.04784870386614348,0.04784870386614348,0.0
wine_binary|0|51,0.3232617560157839,0.3232617560157839,0.0
wine_binary|0|52,1.3713071520700721,1.3713071520700721,0.0
wine_binary|0|53,1.4053345999939126,1.4053345999939126,0.0
wine_binary|1|0,2.1201936452940626,2.1201936452940626,0.0
wine_binary|1|1,1.4514498878222386,1.4514498878222386,0.0
wine_binary|1|2,0.8217415467663586,0.8217415467663586,0.0
wine_binary|1|3,1.769838385347869,1.769838385347869,0.0
wine_binary|1|4,1.2549474865566994,1.2549474865566994,0.0
wine_binary|1|5,0.14443243689773946,0.14443243689773946,0.0
wine_binary|1|6,0.025676701553964537,0.025676701553964537,0.0
wine_binary|1|7,0.5308421047467186,0.5308421047467186,0.0
wine_binary|1|8,1.2425129015002003,1.2425129015002003,0.0
wine_binary|1|9,0.20419032319850838,0.20419032319850838,0.0
wine_binary|1|10,0.343637373681571,0.343637373681571,0.0
wine_binary|1|11,0.7221365107070278,0.7221365107070278,0.0
wine_binary|1|12,1.7580288857240667,1.7580288857240667,0.0
wine_binary|1|13,1.1739893923466351,1.1739893923466351,0.0
wine_binary|1|14,0.5229264385883663,0.5229264385883663,0.0
wine_binary|1|15,0.7489205291316655,0.7489205291316655,0.0
wine_binary|1|16,0.3530546283855458,0.3530546283855458,0.0
wine_binary|1|17,0.6217550703691007,0.6217550703691007,0.0
wine_binary|1|18,0.5926499638298977,0.5926499638298977,0.0
wine_binary|1|19,1.1404786636024555,1.1404786636024555,0.0
wine_binary|1|20,0.7520180215248268,0.7520180215248268,0.0
wine_binary|1|21,0.5311293355803048,0.5311293355803048,0.0
wine_binary|1|22,1.614309996711317,1.614309996711317,0.0
wine_binary|1|23,0.9642757593174233,0.9642757593174233,0.0
wine_binary|1|24,1.1504381657621494,1.1504381657621494,0.0
wine_binary|1|25,1.4990557919698067,1.4990557919698067,0.0
wine_binary|1|26,0.5926499638298977,0.5926499638298977,0.0
wine_binary|1|27,1.3219028454227124,1.3219028454227124,0.0
wine_binary|1|28,0.08466428144620397,0.08466428144620397,0.0
wine_binary|1|29,1.5104497636939909,1.5104497636939909,0.0
wine_binary|1|30,0.8617340233032563,0.8617340233032563,0.0
wine_binary|1|31,0.07470477624872518,0.07470477624872518,0.0
wine_binary|1|32,0.995784816083203,0.995784816083203,0.0
wine_binary|1|33,0.6291993890743446,0.6291993890743446,0.0
wine_binary|1|34,1.0974801659602176,1.0974801659602176,0.0
wine_binary|1|35,0.9307813787971259,0.9307813787971259,0.0
wine_binary|1|36,1.2053054496563518,1.2053054496563518,0.0
wine_binary|1|37,1.5113758241201662,1.5113758241201662,0.0
wine_binary|1|38,0.539211701606411,0.539211701606411,0.0
wine_binary|1|39,1.1863806356126458,1.1863806356126458,0.0
wine_binary|1|40,1.6086223330813094,1.6086223330813094,0.0
wine_binary|1|41,0.2889058070535071,0.2889058070535071,0.0
wine_binary|1|42,1.5496073985016168,1.5496073985016168,0.0
wine_binary|1|43,1.0065233642188949,1.0065233642188949,0.0
wine_binary|1|44,1.1924625177229449,1.1924625177229449,0.0
wine_binary|1|45,1.6680790141096684,1.6680790141096684,0.0
wine_binary|1|46,1.230122194609614,1.230122194609614,0.0
wine_binary|1|47,1.0872634092382538,1.0872634092382538,0.0
wine_binary|1|48,0.6225314746476971,0.6225314746476971,0.0
wine_binary|1|49,0.6666404627023393,0.6666404627023393,0.0
wine_binary|1|50,0.03209587658987789,0.03209587658987789,0.0
wine_binary|1|51,0.48308442416463404,0.48308442416463404,0.0
wine_binary|1|52,0.8302516244382644,0.8302516244382644,0.0
wine_binary|1|53,0.8344937532584255,0.8344937532584255,0.0
wine_binary|2|0,0.6070577464867817,0.6070577464867817,0.0
wine_binary|2|1,0.49761735462036416,0.49761735462036416,0.0
wine_binary|2|2,0.4555191395814955,0.4555191395814955,0.0
wine_binary|2|3,1.365655944149026,1.365655944149026,0.0
wine_binary|2|4,1.2158265225228428,1.2158265225228428,0.0
wine_binary|2|5,1.762226034454446,1.762226034454446,0.0
wine_binary|2|6,1.7006057646497965,1.7006057646497965,0.0
wine_binary|2|7,0.29925381738571943,0.29925381738571943,0.0
wine_binary|2|8,0.8362016766315328,0.8362016766315328,0.0
wine_binary|2|9,1.3463121140995884,1.3463121140995884,0.0
wine_binary|2|10,1.130341956899484,1.130341956899484,0.0
wine_binary|2|11,0.7325170126704149,0.7325170126704149,0.0
wine_binary|2|12,0.8705476845274251,0.8705476845274251,0.0
wine_binary|2|13,1.7663695927956127,1.7663695927956127,0.0
wine_binary|2|14,1.8322001813399693,1.8322001813399693,0.0
wine_binary|2|15,0.3846606075175565,0.3846606075175565,0.0
wine_binary|2|16,1.5487660530842127,1.5487660530842127,0.0
wine_binary|2|17,1.9622433870767972,1.9622433870767972,0.0
wine_binary|2|18,0.7028199740210724,0.7028199740210724,0.0
wine_binary|2|19,0.6883400306487246,0.6883400306487246,0.0
wine_binary|2|20,0.17955228940197293,0.17955228940197293,0.0
wine_binary|2|21,0.17208600155625123,0.17208600155625123,0.0
wine_binary|2|22,1.2450856397225325,1.2450856397225325,0.0
wine_binary|2|23,1.0311441650622055,1.0311441650622055,0.0
wine_binary|2|24,1.376680056412705,1.376680056412705,0.0
wine_binary|2|25,0.20245295363885552,0.20245295363885552,0.0
wine_binary|2|26,1.2596097566481528,1.2596097566481528,0.0
wine_binary|2|27,0.0940522031323047,0.0940522031323047,0.0
wine_binary|2|28,0.6073588511470799,0.6073588511470799,0.0
wine_binary|2|29,0.9436755756172341,0.9436755756172341,0.0
wine_binary|2|30,0.983263553868707,0.983263553868707,0.0
wine_binary|2|31,0.9559032046152792,0.9559032046152792,0.0
wine_binary|2|32,1.4880301684579789,1.4880301684579789,0.0
wine_binary|2|33,0.8907929794028364,0.8907929794028364,0.0
wine_binary|2|34,1.6335332573620391,1.6335332573620391,0.0
wine_binary|2|35,0.8503023896520139,0.8503023896520139,0.0
wine_binary|2|36,,,
wine_binary|2|37,1.4291604193939649,1.4291604193939649,0.0
wine_binary|2|38,1.1854527372563277,1.1854527372563277,0.0
wine_binary|2|39,1.0827735523367854,1.0827735523367854,0.0
wine_binary|2|40,0.022230281194763307,0.022230281194763307,0.0
wine_binary|2|41,1.9220806062792517,1.9220806062792517,0.0
wine_binary|2|42,1.6398688897930507,1.6398688897930507,0.0
wine_binary|2|43,1.4241857170896606,1.4241857170896606,0.0
wine_binary|2|44,1.3799648339833077,1.3799648339833077,0.0
wine_binary|2|45,0.95152886402907,0.95152886402907,0.0
wine_binary|2|46,0.7151825498665746,0.7151825498665746,0.0
wine_binary|2|47,0.12147276436772342,0.12147276436772342,0.0
wine_binary|2|48,1.2593429742229627,1.2593429742229627,0.0
wine_binary|2|49,1.1262830250519853,1.1262830250519853,0.0
wine_binary|2|50,1.2500269590896276,1.2500269590896276,0.0
wine_binary|2|51,1.5462859385556953,1.5462859385556953,0.0
wine_binary|2|52,1.0758453609223009,1.0758453609223009,0.0
wine_binary|2|53,0.1624530762658741,0.1624530762658741,0.0
wine_binary|3|0,1.6756564198509591,1.6756564198509591,0.0
wine_binary|3|1,0.45881141010697274,0.45881141010697274,0.0
wine_binary|3|2,0.0852419667003147,0.0852419667003147,0.0
wine_binary|3|3,0.379017301520034,0.379017301520034,0.0
wine_binary|3|4,1.8302310668512265,1.8302310668512265,0.0
wine_binary|3|5,0.8027658796601831,0.8027658796601831,0.0
wine_binary|3|6,0.8793538821757156,0.8793538821757156,0.0
wine_binary|3|7,0.5715878023052181,0.5715878023052181,0.0
wine_binary|3|8,0.8278535756059306,0.8278535756059306,0.0
wine_binary|3|9,0.5785000900026549,0.5785000900026549,0.0
wine_binary|3|10,1.6257857227303036,1.6257857227303036,0.0
wine_binary|3|11,1.8358142174984955,1.8358142174984955,0.0
wine_binary|3|12,1.1263240024095338,1.1263240024095338,0.0
wine_binary|3|13,0.2194310707339373,0.2194310707339373,0.0
wine_binary|3|14,1.1561879532805506,1.1561879532805506,0.0
wine_binary|3|15,0.668267344819834,0.668267344819834,0.0
wine_binary|3|16,0.7516713630787897,0.7516713630787897,0.0
wine_binary|3|17,1.0871812006333375,1.0871812006333375,0.0
wine_binary|3|18,1.0213427932412422,1.0213427932412422,0.0
wine_binary|3|19,1.3498886535910324,1.3498886535910324,0.0
wine_binary|3|20,0.8588505581286152,0.8588505581286152,0.0
wine_binary|3|21,1.3322437391029578,1.3322437391029578,0.0
wine_binary|3|22,1.0273373572824418,1.0273373572824418,0.0
wine_binary|3|23,0.757870706300915,0.757870706300915,0.0
wine_binary|3|24,1.9404170393918228,1.9404170393918228,0.0
wine_binary|3|25,0.8577759938783236,0.8577759938783236,0.0
wine_binary|3|26,0.8663592126881087,0.8663592126881087,0.0
wine_binary|3|27,1.0394076892155013,1.0394076892155013,0.0
wine_binary|3|28,0.6782414842439652,0.6782414842439652,0.0
wine_binary|3|29,0.668267344819834,0.668267344819834,0.0
wine_binary|3|30,0.9336808788869579,0.9336808788869579,0.0
wine_binary|3|31,1.201202503544518,1.201202503544518,0.0
wine_binary|3|32,0.4288879986406894,0.4288879986406894,0.0
wine_binary|3|33,0.1396389485347798,0.1396389485347798,0.0
wine_binary|3|34,0.6084225082750477,0.6084225082750477,0.0
wine_binary|3|35,0.1994827918856752,0.1994827918856752,0.0
wine_binary|3|36,1.426301941053793,1.426301941053793,0.0
wine_binary|3|37,1.0767122893473244,1.0767122893473244,0.0
wine_binary|3|38,0.6582932053957031,0.6582932053957031,0.0
wine_binary|3|39,1.1329309712394984,1.1329309712394984,0.0
wine_binary|3|40,1.2184732819833117,1.2184732819833117,0.0
wine_binary|3|41,0.9275949698472412,0.9275949698472412,0.0
wine_binary|3|42,0.1472353989215682,0.1472353989215682,0.0
wine_binary|3|43,1.925070578922626,1.925070578922626,0.0
wine_binary|3|44,0.94186116487472,0.94186116487472,0.0
wine_binary|3|45,0.1196906696865177,0.1196906696865177,0.0
wine_binary|3|46,1.3869477144516964,1.3869477144516964,0.0
wine_binary|3|47,0.6369835134694707,0.6369835134694707,0.0
wine_binary|3|48,0.059844839947841066,0.059844839947841066,0.0
wine_binary|3|49,0.5685259505785236,0.5685259505785236,0.0
wine_binary|3|50,1.219828019039902,1.219828019039902,0.0
wine_binary|3|51,0.4510032168057102,0.4510032168057102,0.0
wine_binary|3|52,0.46878455633721317,0.46878455633721317,0.0
wine_binary|3|53,0.6242450121138744,0.6242450121138744,0.0
wine_binary|4|0,1.4836007137054839,1.4836007137054839,0.0
wine_binary|4|1,0.2698837522728238,0.2698837522728238,0.0
wine_binary|4|2,1.0479657368222375,1.0479657368222375,0.0
wine_binary|4|3,0.594438941186219,0.594438941186219,0.0
wine_binary|4|4,1.2639271846846392,1.2639271846846392,0.0
wine_binary|4|5,1.2635150366216725,1.2635150366216725,0.0
wine_binary|4|6,0.7296091297238843,0.7296091297238843,0.0
wine_binary|4|7,1.2260392812117709,1.2260392812117709,0.0
wine_binary|4|8,0.7143257866607404,0.7143257866607404,0.0
wine_binary|4|9,1.5538242784040275,1.5538242784040275,0.0
wine_binary|4|10,0.8260802722914472,0.8260802722914472,0.0
wine_binary|4|11,1.002902355961738,1.002902355961738,0.0
wine_binary|4|12,1.386069645619887,1.386069645619887,0.0
wine_binary|4|13,1.8727154892141251,1.8727154892141251,0.0
wine_binary|4|14,0.8648274581705829,0.8648274581705829,0.0
wine_binary|4|15,1.043587043512295,1.043587043512295,0.0
wine_binary|4|16,1.1065709189311164,1.1065709189311164,0.0
wine_binary|4|17,1.3468047004913557,1.3468047004913557,0.0
wine_binary|4|18,1.226057815465575,1.226057815465575,0.0
wine_binary|4|19,1.3793147704839621,1.3793147704839621,0.0
wine_binary|4|20,0.2048066933940249,0.2048066933940249,0.0
wine_binary|4|21,0.34467467978096616,0.34467467978096616,0.0
wine_binary|4|22,1.3237505844895576,1.3237505844895576,0.0
wine_binary|4|23,1.8692747132596481,1.8692747132596481,0.0
wine_binary|4|24,1.373703436770608,1.373703436770608,0.0
wine_binary|4|25,1.4335397368005929,1.4335397368005929,0.0
wine_binary|4|26,1.6332040998725272,1.6332040998725272,0.0
wine_binary|4|27,1.024033470803254,1.024033470803254,0.0
wine_binary|4|28,1.1334785822475948,1.1334785822475948,0.0
wine_binary|4|29,1.5602826790681048,1.5602826790681048,0.0
wine_binary|4|30,0.0033318971451668233,0.0033318971451668233,0.0
wine_binary|4|31,1.4907687569179127,1.4907687569179127,0.0
wine_binary|4|32,1.1539108867339853,1.1539108867339853,0.0
wine_binary|4|33,0.6515822926773565,0.6515822926773565,0.0
wine_binary|4|34,1.0050909101798,1.0050909101798,0.0
wine_binary|4|35,1.0040523298908337,1.0040523298908337,0.0
wine_binary|4|36,1.1617574268626365,1.1617574268626365,0.0
wine_binary|4|37,1.6868249324171274,1.6868249324171274,0.0
wine_binary|4|38,0.336521716054738,0.336521716054738,0.0
wine_binary|4|39,0.9740806185222035,0.9740806185222035,0.0
wine_binary|4|40,1.2159838862658428,1.2159838862658428,0.0
wine_binary|4|41,1.3798346371387924,1.3798346371387924,0.0
wine_binary|4|42,1.324170866496859,1.324170866496859,0.0
wine_binary|4|43,1.103958034452935,1.103958034452935,0.0
wine_binary|4|44,1.3634798765406895,1.3634798765406895,0.0
wine_binary|4|45,0.5726933339444261,0.5726933339444261,0.0
wine_binary|4|46,0.8428609451807069,0.8428609451807069,0.0
wine_binary|4|47,0.1049009888319237,0.1049009888319237,0.0
wine_binary|4|48,1.7828862204264118,1.7828862204264118,0.0
wine_binary|4|49,0.6144200820986392,0.6144200820986392,0.0
wine_binary|4|50,0.5744578002737991,0.5744578002737991,0.0
wine_binary|4|51,1.0839768935405147,1.0839768935405147,0.0
wine_binary|4|52,2.155391869926161,2.155391869926161,0.0
wine_binary|4|53,1.0288895670330287,1.0288895670330287,0.0
iris_binary|0|0,2.121381237613326,2.121381237613326,0.0
iris_binary|0|1,0.662931644800343,0.662931644800343,0.0
iris_binary|0|2,0.2651726649422565,0.2651726649422565,0.0
iris_binary|0|3,1.3258632778971535,1.3258632778971535,0.0
iris_binary|0|4,1.8562085843746021,1.8562085843746021,0.0
iris_binary|0|5,0.7955179714197049,0.7955179714197049,0.0
iris_binary|0|6,0.9281052746320025,0.9281052746320025,0.0
iris_binary|0|7,0.662931644800343,0.662931644800343,0.0
iris_binary|0|8,0.7955179714197049,0.7955179714197049,0.0
iris_binary|0|9,1.3258632778971535,1.3258632778971535,0.0
iris_binary|0|10,0.928104298039067,0.928104298039067,0.0
iris_binary|0|11,0.7955189480126407,0.7955189480126407,0.0
iris_binary|0|12,0.5303462947739163,0.5303462947739163,0.0
iris_binary|0|13,1.5910359311358777,1.5910359311358777,0.0
iris_binary|0|14,0.7955189480126407,0.7955189480126407,0.0
iris_binary|0|15,1.9887949109939638,1.9887949109939638,0.0
iris_binary|0|16,1.9887949109939638,1.9887949109939638,0.0
iris_binary|0|17,1.9887949109939638,1.9887949109939638,0.0
iris_binary|0|18,0.7955189480126407,0.7955189480126407,0.0
iris_binary|0|19,0.6629326213932784,0.6629326213932784,0.0
iris_binary|0|20,0.2651726649422565,0.2651726649422565,0.0
iris_binary|0|21,0.7955189480126407,0.7955189480126407,0.0
iris_binary|0|22,0.7955189480126407,0.7955189480126407,0.0
iris_binary|0|23,0.662931644800343,0.662931644800343,0.0
iris_binary|0|24,2.2539675642326884,2.2539675642326884,0.0
iris_binary|0|25,0.928104298039067,0.928104298039067,0.0
iris_binary|0|26,0.7955189480126407,0.7955189480126407,0.0
iris_binary|0|27,0.662931644800343,0.662931644800343,0.0
iris_binary|0|28,1.3258632778971535,1.3258632778971535,0.0
iris_binary|0|29,1.5910359311358777,1.5910359311358777,0.0
iris_binary|0|30,1.5910359311358777,1.5910359311358777,0.0
iris_binary|0|31,0.7955189480126407,0.7955189480126407,0.0
iris_binary|0|32,0.662931644800343,0.662931644800343,0.0
iris_binary|0|33,1.4584496045165154,1.4584496045165154,0.0
iris_binary|0|34,1.3258632778971535,1.3258632778971535,0.0
iris_binary|0|35,0.9281052746320025,0.9281052746320025,0.0
iris_binary|0|36,0.662931644800343,0.662931644800343,0.0
iris_binary|0|37,0.928104298039067,0.928104298039067,0.0
iris_binary|0|38,0.39775899156161876,0.39775899156161876,0.0
iris_binary|0|39,0.7955189480126407,0.7955189480126407,0.0
iris_binary|0|40,1.3258632778971535,1.3258632778971535,0.0
iris_binary|0|41,0.7955189480126407,0.7955189480126407,0.0
iris_binary|0|42,0.662931644800343,0.662931644800343,0.0
iris_binary|0|43,0.39775996815455417,0.39775996815455417,0.0
iris_binary|0|44,0.7955189480126407,0.7955189480126407,0.0
iris_binary|1|0,,,
iris_binary|1|1,,,
iris_binary|1|2,,,
iris_binary|1|3,0.6567365567259028,0.6567365567259028,0.0
iris_binary|1|4,0.7880836663474179,0.7880836663474179,0.0
iris_binary|1|5,0.525389447104388,0.525389447104388,0.0
iris_binary|1|6,0.9194307759689325,0.9194307759689325,0.0
iris_binary|1|7,0.7880836663474179,0.7880836663474179,0.0
iris_binary|1|8,,,
iris_binary|1|9,0.6567365567259028,0.6567365567259028,0.0
iris_binary|1|10,,,
iris_binary|1|11,,,
iris_binary|1|12,,,
iris_binary|1|13,0.7880836663474179,0.7880836663474179,0.0
iris_binary|1|14,,,
iris_binary|1|15,,,
iris_binary|1|16,,,
iris_binary|1|17,,,
iris_binary|1|18,,,
iris_binary|1|19,0.7880836663474179,0.7880836663474179,0.0
iris_binary|1|20,,,
iris_binary|1|21,,,
iris_binary|1|22,,,
iris_binary|1|23,0.7880836663474179,0.7880836663474179,0.0
iris_binary|1|24,0.9194307759689325,0.9194307759689325,0.0
iris_binary|1|25,,,
iris_binary|1|26,,,
iris_binary|1|27,,,
iris_binary|1|28,,,
iris_binary|1|29,,,
iris_binary|1|30,,,
iris_binary|1|31,0.7880836663474179,0.7880836663474179,0.0
iris_binary|1|32,,,
iris_binary|1|33,,,
iris_binary|1|34,,,
iris_binary|1|35,,,
iris_binary|1|36,,,
iris_binary|1|37,,,
iris_binary|1|38,0.7880836663474179,0.7880836663474179,0.0
iris_binary|1|39,,,
iris_binary|1|40,,,
iris_binary|1|41,,,
iris_binary|1|42,0.7880836663474179,0.7880836663474179,0.0
iris_binary|1|43,0.7880836663474179,0.7880836663474179,0.0
iris_binary|1|44,0.7880836663474179,0.7880836663474179,0.0
iris_binary|2|0,0.7156226203087855,0.7156226203087855,0.0
iris_binary|2|1,0.7156226203087855,0.7156226203087855,0.0
iris_binary|2|2,0.5855095977117625,0.5855095977117625,0.0
iris_binary|2|3,0.715621628258467,0.715621628258467,0.0
iris_binary|2|4,0.7156226203087855,0.7156226203087855,0.0
iris_binary|2|5,1.6264127864376274,1.6264127864376274,0.0
iris_binary|2|6,0.715621628258467,0.715621628258467,0.0
iris_binary|2|7,1.3661867412435815,1.3661867412435815,0.0
iris_binary|2|8,2.016751854228696,2.016751854228696,0.0
iris_binary|2|9,0.7156226203087855,0.7156226203087855,0.0
iris_binary|2|10,0.45539657511473963,0.45539657511473963,0.0
iris_binary|2|11,2.016751854228696,2.016751854228696,0.0
iris_binary|2|12,0.9758476734525128,0.9758476734525128,0.0
iris_binary|2|13,0.8457346508554897,0.8457346508554897,0.0
iris_binary|2|14,2.016751854228696,2.016751854228696,0.0
iris_binary|2|15,1.8866388316316736,1.8866388316316736,0.0
iris_binary|2|16,0.715621628258467,0.715621628258467,0.0
iris_binary|2|17,0.715621628258467,0.715621628258467,0.0
iris_binary|2|18,1.6264127864376274,1.6264127864376274,0.0
iris_binary|2|19,1.3661867412435815,1.3661867412435815,0.0
iris_binary|2|20,0.7156226203087855,0.7156226203087855,0.0
iris_binary|2|21,0.7156226203087855,0.7156226203087855,0.0
iris_binary|2|22,0.32528256046739806,0.32528256046739806,0.0
iris_binary|2|23,0.715621628258467,0.715621628258467,0.0
iris_binary|2|24,0.5855086056614439,0.5855086056614439,0.0
iris_binary|2|25,0.9758476734525128,0.9758476734525128,0.0
iris_binary|2|26,0.9758476734525128,0.9758476734525128,0.0
iris_binary|2|27,0.45539657511473963,0.45539657511473963,0.0
iris_binary|2|28,0.32528256046739806,0.32528256046739806,0.0
iris_binary|2|29,0.8457356429058084,0.8457356429058084,0.0
iris_binary|2|30,1.1059606960495358,1.1059606960495358,0.0
iris_binary|2|31,0.715621628258467,0.715621628258467,0.0
iris_binary|2|32,0.19517052992069372,0.19517052992069372,0.0
iris_binary|2|33,0.7156226203087855,0.7156226203087855,0.0
iris_binary|2|34,0.9758476734525128,0.9758476734525128,0.0
iris_binary|2|35,0.5855095977117625,0.5855095977117625,0.0
iris_binary|2|36,0.32528256046739806,0.32528256046739806,0.0
iris_binary|2|37,1.8866388316316736,1.8866388316316736,0.0
iris_binary|2|38,1.6264127864376274,1.6264127864376274,0.0
iris_binary|2|39,0.7156226203087855,0.7156226203087855,0.0
iris_binary|2|40,2.016751854228696,2.016751854228696,0.0
iris_binary|2|41,0.7156226203087855,0.7156226203087855,0.0
iris_binary|2|42,1.3661867412435815,1.3661867412435815,0.0
iris_binary|2|43,1.4962997638406046,1.4962997638406046,0.0
iris_binary|2|44,0.5855086056614439,0.5855086056614439,0.0
iris_binary|3|0,0.8901959035975192,0.8901959035975192,0.0
iris_binary|3|1,0.6358552311757594,0.6358552311757594,0.0
iris_binary|3|2,0.8901959035975192,0.8901959035975192,0.0
iris_binary|3|3,1.5260501264197186,1.5260501264197186,0.0
iris_binary|3|4,0.25434168077531977,0.25434168077531977,0.0
iris_binary|3|5,0.25434168077531977,0.25434168077531977,0.0
iris_binary|3|6,0.6358542144686394,0.6358542144686394,0.0
iris_binary|3|7,0.7630250590330792,0.7630250590330792,0.0
iris_binary|3|8,0.6358542144686394,0.6358542144686394,0.0
iris_binary|3|9,0.7630250590330792,0.7630250590330792,0.0
iris_binary|3|10,0.6358542144686394,0.6358542144686394,0.0
iris_binary|3|11,0.7630260757401993,0.7630260757401993,0.0
iris_binary|3|12,1.1445375927263988,1.1445375927263988,0.0
iris_binary|3|13,1.271708437290839,1.271708437290839,0.0
iris_binary|3|14,0.7630260757401993,0.7630260757401993,0.0
iris_binary|3|15,2.161904349241918,2.161904349241918,0.0
iris_binary|3|16,0.7630260757401993,0.7630260757401993,0.0
iris_binary|3|17,0.6358542144686394,0.6358542144686394,0.0
iris_binary|3|18,0.25434168077531977,0.25434168077531977,0.0
iris_binary|3|19,0.7630250590330792,0.7630250590330792,0.0
iris_binary|3|20,1.6532209709841585,1.6532209709841585,0.0
iris_binary|3|21,0.3815135420468797,0.3815135420468797,0.0
iris_binary|3|22,1.271708437290839,1.271708437290839,0.0
iris_binary|3|23,1.5260501264197186,1.5260501264197186,0.0
iris_binary|3|24,0.7630260757401993,0.7630260757401993,0.0
iris_binary|3|25,1.5260501264197186,1.5260501264197186,0.0
iris_binary|3|26,0.7630260757401993,0.7630260757401993,0.0
iris_binary|3|27,1.5260501264197186,1.5260501264197186,0.0
iris_binary|3|28,0.7630260757401993,0.7630260757401993,0.0
iris_binary|3|29,0.5086843866113196,0.5086843866113196,0.0
iris_binary|3|30,0.6358542144686394,0.6358542144686394,0.0
iris_binary|3|31,0.6358542144686394,0.6358542144686394,0.0
iris_binary|3|32,0.7630260757401993,0.7630260757401993,0.0
iris_binary|3|33,1.3988792818552787,1.3988792818552787,0.0
iris_binary|3|34,0.8901959035975192,0.8901959035975192,0.0
iris_binary|3|35,0.6358552311757594,0.6358552311757594,0.0
iris_binary|3|36,1.6532209709841585,1.6532209709841585,0.0
iris_binary|3|37,0.5086843866113196,0.5086843866113196,0.0
iris_binary|3|38,1.271708437290839,1.271708437290839,0.0
iris_binary|3|39,0.8901959035975192,0.8901959035975192,0.0
iris_binary|3|40,0.7630260757401993,0.7630260757401993,0.0
iris_binary|3|41,0.6358552311757594,0.6358552311757594,0.0
iris_binary|3|42,0.7630260757401993,0.7630260757401993,0.0
iris_binary|3|43,0.38151252533975977,0.38151252533975977,0.0
iris_binary|3|44,0.6358542144686394,0.6358542144686394,0.0
iris_binary|4|0,0.9022935449685863,0.9022935449685863,0.0
iris_binary|4|1,1.775480867748245,1.775480867748245,0.0
iris_binary|4|2,0.6694446360347998,0.6694446360347998,0.0
iris_binary|4|3,1.2515684740804496,1.2515684740804496,0.0
iris_binary|4|4,1.8336933559335555,1.8336933559335555,0.0
iris_binary|4|5,0.6694446360347998,0.6694446360347998,0.0
iris_binary|4|6,1.0187185213392076,1.0187185213392076,0.0
iris_binary|4|7,2.066543308674798,2.066543308674798,0.0
iris_binary|4|8,1.9501183323041766,1.9501183323041766,0.0
iris_binary|4|9,0.7858696124054209,0.7858696124054209,0.0
iris_binary|4|10,0.4365946832935571,0.4365946832935571,0.0
iris_binary|4|11,2.008330820489488,2.008330820489488,0.0
iris_binary|4|12,0.8440821005907314,0.8440821005907314,0.0
iris_binary|4|13,2.4158182377866613,2.4158182377866613,0.0
iris_binary|4|14,1.3097809622657604,1.3097809622657604,0.0
iris_binary|4|15,2.2411807732307296,2.2411807732307296,0.0
iris_binary|4|16,1.7172683795629347,1.7172683795629347,0.0
iris_binary|4|17,0.5530196596641784,0.5530196596641784,0.0
iris_binary|4|18,0.8440810567832756,0.8440810567832756,0.0
iris_binary|4|19,1.5426309150070026,1.5426309150070026,0.0
iris_binary|4|20,1.9501183323041766,1.9501183323041766,0.0
iris_binary|4|21,1.3097809622657604,1.3097809622657604,0.0
iris_binary|4|22,0.6112321478494892,0.6112321478494892,0.0
iris_binary|4|23,0.9605060331538966,0.9605060331538966,0.0
iris_binary|4|24,1.0187185213392076,1.0187185213392076,0.0
iris_binary|4|25,0.6112321478494892,0.6112321478494892,0.0
iris_binary|4|26,0.5530196596641784,0.5530196596641784,0.0
iris_binary|4|27,0.9605060331538966,0.9605060331538966,0.0
iris_binary|4|28,1.775480867748245,1.775480867748245,0.0
iris_binary|4|29,1.426205938636382,1.426205938636382,0.0
iris_binary|4|30,0.5530196596641784,0.5530196596641784,0.0
iris_binary|4|31,1.8336933559335555,1.8336933559335555,0.0
iris_binary|4|32,1.484418426821692,1.484418426821692,0.0
iris_binary|4|33,1.1933559858951392,1.1933559858951392,0.0
iris_binary|4|34,2.008330820489488,2.008330820489488,0.0
iris_binary|4|35,0.9022935449685863,0.9022935449685863,0.0
iris_binary|4|36,0.5530196596641784,0.5530196596641784,0.0
iris_binary|4|37,0.5530196596641784,0.5530196596641784,0.0
iris_binary|4|38,0.3201697069229362,0.3201697069229362,0.0
iris_binary|4|39,1.1933559858951392,1.1933559858951392,0.0
iris_binary|4|40,0.6112321478494892,0.6112321478494892,0.0
iris_binary|4|41,0.4948071714788679,0.4948071714788679,0.0
iris_binary|4|42,1.7172683795629347,1.7172683795629347,0.0
iris_binary|4|43,0.785868568597965,0.785868568597965,0.0
iris_binary|4|44,2.4740307259719723,2.4740307259719723,0.0
digits_0_vs_1|0|0,1.304588393021457,1.304588393021457,0.0
digits_0_vs_1|0|1,0.11569910388582368,0.11569910388582368,0.0
digits_0_vs_1|0|2,1.0299382092499623,1.0299382092499623,0.0
digits_0_vs_1|0|3,0.21724455259561262,0.21724455259561262,0.0
digits_0_vs_1|0|4,0.09713305916101277,0.09713305916101277,0.0
digits_0_vs_1|0|5,0.06866352583601643,0.06866352583601643,0.0
digits_0_vs_1|0|6,0.27936129605342774,0.27936129605342774,0.0
digits_0_vs_1|0|7,0.11569910388582368,0.11569910388582368,0.0
digits_0_vs_1|0|8,1.853888760564446,1.853888760564446,0.0
digits_0_vs_1|0|9,2.128538944335941,2.128538944335941,0.0
digits_0_vs_1|0|10,2.128538944335941,2.128538944335941,0.0
digits_0_vs_1|0|11,2.128538944335941,2.128538944335941,0.0
digits_0_vs_1|0|12,2.128538944335941,2.128538944335941,0.0
digits_0_vs_1|0|13,1.853888760564446,1.853888760564446,0.0
digits_0_vs_1|0|14,1.853888760564446,1.853888760564446,0.0
digits_0_vs_1|0|15,0.21724455259561262,0.21724455259561262,0.0
digits_0_vs_1|0|16,0.21724455259561262,0.21724455259561262,0.0
digits_0_vs_1|0|17,0.21724455259561262,0.21724455259561262,0.0
digits_0_vs_1|0|18,2.128538944335941,2.128538944335941,0.0
digits_0_vs_1|0|19,0.06866352583601643,0.06866352583601643,0.0
digits_0_vs_1|0|20,0.21724455259561262,0.21724455259561262,0.0
digits_0_vs_1|0|21,0.21724455259561262,0.21724455259561262,0.0
digits_0_vs_1|0|22,2.128538944335941,2.128538944335941,0.0
digits_0_vs_1|0|23,2.128538944335941,2.128538944335941,0.0
digits_0_vs_1|0|24,0.21724455259561262,0.21724455259561262,0.0
digits_0_vs_1|0|25,2.128538944335941,2.128538944335941,0.0
digits_0_vs_1|0|26,1.9912138524501937,1.9912138524501937,0.0
digits_0_vs_1|0|27,0.21724455259561262,0.21724455259561262,0.0
digits_0_vs_1|0|28,0.21724455259561262,0.21724455259561262,0.0
digits_0_vs_1|0|29,0.11569910388582368,0.11569910388582368,0.0
digits_0_vs_1|0|30,2.128538944335941,2.128538944335941,0.0
digits_0_vs_1|0|31,1.0299382092499623,1.0299382092499623,0.0
digits_0_vs_1|0|32,0.21724455259561262,0.21724455259561262,0.0
digits_0_vs_1|0|33,2.128538944335941,2.128538944335941,0.0
digits_0_vs_1|0|34,0.06866352583601643,0.06866352583601643,0.0
digits_0_vs_1|0|35,1.304588393021457,1.304588393021457,0.0
digits_0_vs_1|0|36,0.06866352583601643,0.06866352583601643,0.0
digits_0_vs_1|0|37,0.21724455259561262,0.21724455259561262,0.0
digits_0_vs_1|0|38,0.21724455259561262,0.21724455259561262,0.0
digits_0_vs_1|0|39,0.21724455259561262,0.21724455259561262,0.0
digits_0_vs_1|0|40,1.0299382092499623,1.0299382092499623,0.0
digits_0_vs_1|0|41,0.21724455259561262,0.21724455259561262,0.0
digits_0_vs_1|0|42,0.8926131173642149,0.8926131173642149,0.0
digits_0_vs_1|0|43,1.5792385767929515,1.5792385767929515,0.0
digits_0_vs_1|0|44,0.06866352583601643,0.06866352583601643,0.0
digits_0_vs_1|0|45,0.21724455259561262,0.21724455259561262,0.0
digits_0_vs_1|0|46,2.128538944335941,2.128538944335941,0.0
digits_0_vs_1|0|47,1.853888760564446,1.853888760564446,0.0
digits_0_vs_1|0|48,2.128538944335941,2.128538944335941,0.0
digits_0_vs_1|0|49,1.853888760564446,1.853888760564446,0.0
digits_0_vs_1|0|50,0.21724455259561262,0.21724455259561262,0.0
digits_0_vs_1|0|51,2.128538944335941,2.128538944335941,0.0
digits_0_vs_1|0|52,2.128538944335941,2.128538944335941,0.0
digits_0_vs_1|0|53,1.853888760564446,1.853888760564446,0.0
digits_0_vs_1|0|54,1.0299382092499623,1.0299382092499623,0.0
digits_0_vs_1|0|55,2.128538944335941,2.128538944335941,0.0
digits_0_vs_1|0|56,2.128538944335941,2.128538944335941,0.0
digits_0_vs_1|0|57,0.06866352583601643,0.06866352583601643,0.0
digits_0_vs_1|0|58,1.853888760564446,1.853888760564446,0.0
digits_0_vs_1|0|59,2.128538944335941,2.128538944335941,0.0
digits_0_vs_1|1|0,0.0967624497266831,0.0967624497266831,0.0
digits_0_vs_1|1|1,0.0967624497266831,0.0967624497266831,0.0
digits_0_vs_1|1|2,1.7403680444906247,1.7403680444906247,0.0
digits_0_vs_1|1|3,2.1301640049868458,2.1301640049868458,0.0
digits_0_vs_1|1|4,2.1118601569259847,2.1118601569259847,0.0
digits_0_vs_1|1|5,1.305584393750535,1.305584393750535,0.0
digits_0_vs_1|1|6,0.0967624497266831,0.0967624497266831,0.0
digits_0_vs_1|1|7,1.5668639835193305,1.5668639835193305,0.0
digits_0_vs_1|1|8,0.0967624497266831,0.0967624497266831,0.0
digits_0_vs_1|1|9,2.1301640049868458,2.1301640049868458,0.0
digits_0_vs_1|1|10,0.4810047825142242,0.4810047825142242,0.0
digits_0_vs_1|1|11,2.1301640049868458,2.1301640049868458,0.0
digits_0_vs_1|1|12,0.0967624497266831,0.0967624497266831,0.0
digits_0_vs_1|1|13,0.0967624497266831,0.0967624497266831,0.0
digits_0_vs_1|1|14,0.0967624497266831,0.0967624497266831,0.0
digits_0_vs_1|1|15,1.7403680444906247,1.7403680444906247,0.0
digits_0_vs_1|1|16,0.06871595830998312,0.06871595830998312,0.0
digits_0_vs_1|1|17,2.1301640049868458,2.1301640049868458,0.0
digits_0_vs_1|1|18,0.0967624497266831,0.0967624497266831,0.0
digits_0_vs_1|1|19,0.0967624497266831,0.0967624497266831,0.0
digits_0_vs_1|1|20,1.305584393750535,1.305584393750535,0.0
digits_0_vs_1|1|21,2.111860156925741,2.111860156925741,0.0
digits_0_vs_1|1|22,0.0967624497266831,0.0967624497266831,0.0
digits_0_vs_1|1|23,1.7178741993686906,1.7178741993686906,0.0
digits_0_vs_1|1|24,0.06871595830998312,0.06871595830998312,0.0
digits_0_vs_1|1|25,2.1118601569259847,2.1118601569259847,0.0
digits_0_vs_1|1|26,2.111860156925741,2.111860156925741,0.0
digits_0_vs_1|1|27,1.992734069780794,1.992734069780794,0.0
digits_0_vs_1|1|28,0.06871595830998312,0.06871595830998312,0.0
digits_0_vs_1|1|29,0.06871595830998312,0.06871595830998312,0.0
digits_0_vs_1|1|30,2.111860156925741,2.111860156925741,0.0
digits_0_vs_1|1|31,0.0967624497266831,0.0967624497266831,0.0
digits_0_vs_1|1|32,1.7178741993686906,1.7178741993686906,0.0
digits_0_vs_1|1|33,2.111860156925741,2.111860156925741,0.0
digits_0_vs_1|1|34,2.111860156925741,2.111860156925741,0.0
digits_0_vs_1|1|35,2.111860156925741,2.111860156925741,0.0
digits_0_vs_1|1|36,0.0967624497266831,0.0967624497266831,0.0
digits_0_vs_1|1|37,1.7178741993686906,1.7178741993686906,0.0
digits_0_vs_1|1|38,0.0967624497266831,0.0967624497266831,0.0
digits_0_vs_1|1|39,0.0967624497266831,0.0967624497266831,0.0
digits_0_vs_1|1|40,0.0967624497266831,0.0967624497266831,0.0
digits_0_vs_1|1|41,0.0967624497266831,0.0967624497266831,0.0
digits_0_vs_1|1|42,2.1301640049868458,2.1301640049868458,0.0
digits_0_vs_1|1|43,1.305584393750535,1.305584393750535,0.0
digits_0_vs_1|1|44,1.305584393750535,1.305584393750535,0.0
digits_0_vs_1|1|45,2.1301640049868458,2.1301640049868458,0.0
digits_0_vs_1|1|46,0.06871595830998312,0.06871595830998312,0.0
digits_0_vs_1|1|47,0.0967624497266831,0.0967624497266831,0.0
digits_0_vs_1|1|48,0.0967624497266831,0.0967624497266831,0.0
digits_0_vs_1|1|49,1.5804442641626386,1.5804442641626386,0.0
digits_0_vs_1|1|50,1.4430143289565869,1.4430143289565869,0.0
digits_0_vs_1|1|51,2.111860156925741,2.111860156925741,0.0
digits_0_vs_1|1|52,0.0967624497266831,0.0967624497266831,0.0
digits_0_vs_1|1|53,2.111860156925741,2.111860156925741,0.0
digits_0_vs_1|1|54,0.0967624497266831,0.0967624497266831,0.0
digits_0_vs_1|1|55,0.06812553669990085,0.06812553669990085,0.0
digits_0_vs_1|1|56,0.0967624497266831,0.0967624497266831,0.0
digits_0_vs_1|1|57,0.06812553669990085,0.06812553669990085,0.0
digits_0_vs_1|1|58,0.0967624497266831,0.0967624497266831,0.0
digits_0_vs_1|1|59,0.0967624497266831,0.0967624497266831,0.0
digits_0_vs_1|2|0,0.06979071272730464,0.06979071272730464,0.0
digits_0_vs_1|2|1,0.06979071272730464,0.06979071272730464,0.0
digits_0_vs_1|2|2,2.1195930755103616,2.1195930755103616,0.0
digits_0_vs_1|2|3,0.06979071272730464,0.06979071272730464,0.0
digits_0_vs_1|2|4,0.06979071272730464,0.06979071272730464,0.0
digits_0_vs_1|2|5,2.1195930755103616,2.1195930755103616,0.0
digits_0_vs_1|2|6,0.6281072716745261,0.6281072716745261,0.0
digits_0_vs_1|2|7,1.5726013160448695,1.5726013160448695,0.0
digits_0_vs_1|2|8,0.06979071272730464,0.06979071272730464,0.0
digits_0_vs_1|2|9,0.06979071272730464,0.06979071272730464,0.0
digits_0_vs_1|2|10,0.06979071272730464,0.06979071272730464,0.0
digits_0_vs_1|2|11,0.06979071272730464,0.06979071272730464,0.0
digits_0_vs_1|2|12,2.1195930755103616,2.1195930755103616,0.0
digits_0_vs_1|2|13,0.06979071272730464,0.06979071272730464,0.0
digits_0_vs_1|2|14,0.06979071272730464,0.06979071272730464,0.0
digits_0_vs_1|2|15,2.1195930755103616,2.1195930755103616,0.0
digits_0_vs_1|2|16,1.1623574964457504,1.1623574964457504,0.0
digits_0_vs_1|2|17,0.06979071272730464,0.06979071272730464,0.0
digits_0_vs_1|2|18,1.4358533761784966,1.4358533761784966,0.0
digits_0_vs_1|2|19,2.1195930755103616,2.1195930755103616,0.0
digits_0_vs_1|2|20,1.8843218435978215,1.8843218435978215,0.0
digits_0_vs_1|2|21,0.0977030145879279,0.0977030145879279,0.0
digits_0_vs_1|2|22,0.06979071272730464,0.06979071272730464,0.0
digits_0_vs_1|2|23,2.1195930755103616,2.1195930755103616,0.0
digits_0_vs_1|2|24,1.0468454623156245,1.0468454623156245,0.0
digits_0_vs_1|2|25,0.06979071272730464,0.06979071272730464,0.0
digits_0_vs_1|2|26,2.1195930755103616,2.1195930755103616,0.0
digits_0_vs_1|2|27,1.4358533761784966,1.4358533761784966,0.0
digits_0_vs_1|2|28,0.06979071272730464,0.06979071272730464,0.0
digits_0_vs_1|2|29,2.1195930755103616,2.1195930755103616,0.0
digits_0_vs_1|2|30,0.06979071272730464,0.06979071272730464,0.0
digits_0_vs_1|2|31,2.1195930755103616,2.1195930755103616,0.0
digits_0_vs_1|2|32,2.1195930755103616,2.1195930755103616,0.0
digits_0_vs_1|2|33,0.06979071273427227,0.06979071273427227,0.0
digits_0_vs_1|2|34,2.1195930755103616,2.1195930755103616,0.0
digits_0_vs_1|2|35,1.8843218435978215,1.8843218435978215,0.0
digits_0_vs_1|2|36,0.06979071272730464,0.06979071272730464,0.0
digits_0_vs_1|2|37,2.1195930755103616,2.1195930755103616,0.0
digits_0_vs_1|2|38,1.2991054363121235,1.2991054363121235,0.0
digits_0_vs_1|2|39,0.06978968415306153,0.06978968415306153,0.0
digits_0_vs_1|2|40,0.06979071272730464,0.06979071272730464,0.0
digits_0_vs_1|2|41,0.06979071272730464,0.06979071272730464,0.0
digits_0_vs_1|2|42,1.465583652956723,1.465583652956723,0.0
digits_0_vs_1|2|43,2.1195930755103616,2.1195930755103616,0.0
digits_0_vs_1|2|44,0.06979071272730464,0.06979071272730464,0.0
digits_0_vs_1|2|45,2.1195930755103616,2.1195930755103616,0.0
digits_0_vs_1|2|46,1.0256095565793775,1.0256095565793775,0.0
digits_0_vs_1|2|47,0.06979071272730464,0.06979071272730464,0.0
digits_0_vs_1|2|48,2.1195930755103616,2.1195930755103616,0.0
digits_0_vs_1|2|49,0.06979071272730464,0.06979071272730464,0.0
digits_0_vs_1|2|50,1.2991054363121235,1.2991054363121235,0.0
digits_0_vs_1|2|51,2.1195930755103616,2.1195930755103616,0.0
digits_0_vs_1|2|52,2.1195930755103616,2.1195930755103616,0.0
digits_0_vs_1|2|53,0.06979071272730464,0.06979071272730464,0.0
digits_0_vs_1|2|54,2.1195930755103616,2.1195930755103616,0.0
digits_0_vs_1|2|55,0.06979071272730464,0.06979071272730464,0.0
digits_0_vs_1|2|56,0.06979071272730464,0.06979071272730464,0.0
digits_0_vs_1|2|57,1.7447424467174553,1.7447424467174553,0.0
digits_0_vs_1|2|58,0.06979071272730464,0.06979071272730464,0.0
digits_0_vs_1|2|59,2.1195930755103616,2.1195930755103616,0.0
digits_0_vs_1|3|0,0.4836271966921141,0.4836271966921141,0.0
digits_0_vs_1|3|1,1.7272363949092686,1.7272363949092686,0.0
digits_0_vs_1|3|2,0.4836271966921141,0.4836271966921141,0.0
digits_0_vs_1|3|3,0.8078406739482951,0.8078406739482951,0.0
digits_0_vs_1|3|4,0.4836271966921141,0.4836271966921141,0.0
digits_0_vs_1|3|5,0.4836271966921141,0.4836271966921141,0.0
digits_0_vs_1|3|6,1.7296480820813127,1.7296480820813127,0.0
digits_0_vs_1|3|7,0.4836271966921141,0.4836271966921141,0.0
digits_0_vs_1|3|8,1.3409739938123872,1.3409739938123872,0.0
digits_0_vs_1|3|9,0.4836271966921141,0.4836271966921141,0.0
digits_0_vs_1|3|10,1.7272363949092686,1.7272363949092686,0.0
digits_0_vs_1|3|11,1.7587296211108125,1.7587296211108125,0.0
digits_0_vs_1|3|12,0.4836271966921141,0.4836271966921141,0.0
digits_0_vs_1|3|13,0.4836271966921141,0.4836271966921141,0.0
digits_0_vs_1|3|14,0.4836271966921141,0.4836271966921141,0.0
digits_0_vs_1|3|15,0.4836271966921141,0.4836271966921141,0.0
digits_0_vs_1|3|16,0.4836271966921141,0.4836271966921141,0.0
digits_0_vs_1|3|17,1.7272363949092686,1.7272363949092686,0.0
digits_0_vs_1|3|18,0.4836271966921141,0.4836271966921141,0.0
digits_0_vs_1|3|19,1.7296480820813127,1.7296480820813127,0.0
digits_0_vs_1|3|20,1.7296480820813127,1.7296480820813127,0.0
digits_0_vs_1|3|21,0.4836271966921141,0.4836271966921141,0.0
digits_0_vs_1|3|22,1.3409739938116458,1.3409739938116458,0.0
digits_0_vs_1|3|23,0.4836271966921141,0.4836271966921141,0.0
digits_0_vs_1|3|24,1.071930621086888,1.071930621086888,0.0
digits_0_vs_1|3|25,0.4836271966921141,0.4836271966921141,0.0
digits_0_vs_1|3|26,1.4765092228126204,1.4765092228126204,0.0
digits_0_vs_1|3|27,0.4836271966921141,0.4836271966921141,0.0
digits_0_vs_1|3|28,1.7670196229775872,1.7670196229775872,0.0
digits_0_vs_1|3|29,0.4836271966921141,0.4836271966921141,0.0
digits_0_vs_1|3|30,0.34544828471702776,0.34544828471702776,0.0
digits_0_vs_1|3|31,0.4836271966921141,0.4836271966921141,0.0
digits_0_vs_1|3|32,1.7670196229775872,1.7670196229775872,0.0
digits_0_vs_1|3|33,1.7488214377922031,1.7488214377922031,0.0
digits_0_vs_1|3|34,0.4836271966921141,0.4836271966921141,0.0
digits_0_vs_1|3|35,0.4836271966921141,0.4836271966921141,0.0
digits_0_vs_1|3|36,0.4836271966921141,0.4836271966921141,0.0
digits_0_vs_1|3|37,1.4508785709597807,1.4508785709597807,0.0
digits_0_vs_1|3|38,0.4836271966921141,0.4836271966921141,0.0
digits_0_vs_1|3|39,1.7272363949092686,1.7272363949092686,0.0
digits_0_vs_1|3|40,1.7272363949092686,1.7272363949092686,0.0
digits_0_vs_1|3|41,1.769377085851473,1.769377085851473,0.0
digits_0_vs_1|3|42,1.769377085851473,1.769377085851473,0.0
digits_0_vs_1|3|43,0.4836271966921141,0.4836271966921141,0.0
digits_0_vs_1|3|44,0.4836271966921141,0.4836271966921141,0.0
digits_0_vs_1|3|45,0.4836271966921141,0.4836271966921141,0.0
digits_0_vs_1|3|46,0.6218050991085771,0.6218050991085771,0.0
digits_0_vs_1|3|47,0.4836271966921141,0.4836271966921141,0.0
digits_0_vs_1|3|48,0.4836271966921141,0.4836271966921141,0.0
digits_0_vs_1|3|49,0.4836271966921141,0.4836271966921141,0.0
digits_0_vs_1|3|50,0.06909046076685493,0.06909046076685493,0.0
digits_0_vs_1|3|51,1.5890574829341821,1.5890574829341821,0.0
digits_0_vs_1|3|52,1.2322790955149265,1.2322790955149265,0.0
digits_0_vs_1|3|53,0.4836271966921141,0.4836271966921141,0.0
digits_0_vs_1|3|54,1.7488214377922031,1.7488214377922031,0.0
digits_0_vs_1|3|55,0.4836271966921141,0.4836271966921141,0.0
digits_0_vs_1|3|56,0.09130675740818273,0.09130675740818273,0.0
digits_0_vs_1|3|57,1.6232338095119059,1.6232338095119059,0.0
digits_0_vs_1|3|58,1.4765092228126204,1.4765092228126204,0.0
digits_0_vs_1|3|59,0.4565271086256105,0.4565271086256105,0.0
digits_0_vs_1|4|0,1.758917935598336,1.758917935598336,0.0
digits_0_vs_1|4|1,1.586236845962265,1.586236845962265,0.0
digits_0_vs_1|4|2,0.4827687219952597,0.4827687219952597,0.0
digits_0_vs_1|4|3,1.7329227276753691,1.7329227276753691,0.0
digits_0_vs_1|4|4,1.7241704838261,1.7241704838261,0.0
digits_0_vs_1|4|5,0.4827687219952597,0.4827687219952597,0.0
digits_0_vs_1|4|6,0.4827687219952597,0.4827687219952597,0.0
digits_0_vs_1|4|7,0.4827687219952597,0.4827687219952597,0.0
digits_0_vs_1|4|8,0.20690144626758972,0.20690144626758972,0.0
digits_0_vs_1|4|9,1.7241704838261,1.7241704838261,0.0
digits_0_vs_1|4|10,0.3478914297196529,0.3478914297196529,0.0
digits_0_vs_1|4|11,0.4827687219952597,0.4827687219952597,0.0
digits_0_vs_1|4|12,0.4827687219952597,0.4827687219952597,0.0
digits_0_vs_1|4|13,0.4827687219952597,0.4827687219952597,0.0
digits_0_vs_1|4|14,1.7241704838261,1.7241704838261,0.0
digits_0_vs_1|4|15,0.4827687219952597,0.4827687219952597,0.0
digits_0_vs_1|4|16,0.2069004673239152,0.2069004673239152,0.0
digits_0_vs_1|4|17,0.4827687219952597,0.4827687219952597,0.0
digits_0_vs_1|4|18,0.4827687219952597,0.4827687219952597,0.0
digits_0_vs_1|4|19,0.3448350841314248,0.3448350841314248,0.0
digits_0_vs_1|4|20,0.4827687219952597,0.4827687219952597,0.0
digits_0_vs_1|4|21,1.7329227276753691,1.7329227276753691,0.0
digits_0_vs_1|4|22,0.4827687219952597,0.4827687219952597,0.0
digits_0_vs_1|4|23,1.7329227276753691,1.7329227276753691,0.0
digits_0_vs_1|4|24,0.4827687219952597,0.4827687219952597,0.0
digits_0_vs_1|4|25,0.4827687219952597,0.4827687219952597,0.0
digits_0_vs_1|4|26,1.758917935598336,1.758917935598336,0.0
digits_0_vs_1|4|27,1.586236845962265,1.586236845962265,0.0
digits_0_vs_1|4|28,0.4827687219952597,0.4827687219952597,0.0
digits_0_vs_1|4|29,1.7241704838261,1.7241704838261,0.0
digits_0_vs_1|4|30,1.758917935598336,1.758917935598336,0.0
digits_0_vs_1|4|31,1.758917935598336,1.758917935598336,0.0
digits_0_vs_1|4|32,1.7241704838261,1.7241704838261,0.0
digits_0_vs_1|4|33,0.4827687219952597,0.4827687219952597,0.0
digits_0_vs_1|4|34,0.4827687219952597,0.4827687219952597,0.0
digits_0_vs_1|4|35,1.758917935598336,1.758917935598336,0.0
digits_0_vs_1|4|36,0.0689668294600802,0.0689668294600802,0.0
digits_0_vs_1|4|37,1.7241704838261,1.7241704838261,0.0
digits_0_vs_1|4|38,0.4827687219952597,0.4827687219952597,0.0
digits_0_vs_1|4|39,0.4827687219952597,0.4827687219952597,0.0
digits_0_vs_1|4|40,0.4827687219952597,0.4827687219952597,0.0
digits_0_vs_1|4|41,1.4895001273785071,1.4895001273785071,0.0
digits_0_vs_1|4|42,0.4827687219952597,0.4827687219952597,0.0
digits_0_vs_1|4|43,1.758917935598336,1.758917935598336,0.0
digits_0_vs_1|4|44,1.758917935598336,1.758917935598336,0.0
digits_0_vs_1|4|45,0.4827687219952597,0.4827687219952597,0.0
digits_0_vs_1|4|46,1.7241704838261,1.7241704838261,0.0
digits_0_vs_1|4|47,0.4827687219952597,0.4827687219952597,0.0
digits_0_vs_1|4|48,0.3448341051877502,0.3448341051877502,0.0
digits_0_vs_1|4|49,1.7241704838261,1.7241704838261,0.0
digits_0_vs_1|4|50,0.20690144626758972,0.20690144626758972,0.0
digits_0_vs_1|4|51,1.758917935598336,1.758917935598336,0.0
digits_0_vs_1|4|52,0.9616983950008337,0.9616983950008337,0.0
digits_0_vs_1|4|53,0.4827687219952597,0.4827687219952597,0.0
digits_0_vs_1|4|54,0.4827687219952597,0.4827687219952597,0.0
digits_0_vs_1|4|55,0.4827687219952597,0.4827687219952597,0.0
digits_0_vs_1|4|56,1.7241704838261,1.7241704838261,0.0
digits_0_vs_1|4|57,1.586236845962265,1.586236845962265,0.0
digits_0_vs_1|4|58,1.6239383542366068,1.6239383542366068,0.0
digits_0_vs_1|4|59,0.4827687219952597,0.4827687219952597,0.0
synthetic_20|0|0,0.2722864915624028,0.2722864915624028,0.0
synthetic_20|0|1,0.496793838226235,0.496793838226235,0.0
synthetic_20|0|2,1.5250933139983576,1.5250933139983576,0.0
synthetic_20|0|3,0.44376634974601253,0.44376634974601253,0.0
synthetic_20|0|4,0.8871213096781798,0.8871213096781798,0.0
synthetic_20|0|5,1.184114347721156,1.184114347721156,0.0
synthetic_20|0|6,0.04269999286985916,0.04269999286985916,0.0
synthetic_20|0|7,0.727611898790304,0.727611898790304,0.0
synthetic_20|0|8,0.127900647092703,0.127900647092703,0.0
synthetic_20|0|9,0.07764434819157896,0.07764434819157896,0.0
synthetic_20|0|10,1.1618814820881411,1.1618814820881411,0.0
synthetic_20|0|11,0.5968318168232847,0.5968318168232847,0.0
synthetic_20|0|12,0.1670927946421996,0.1670927946421996,0.0
synthetic_20|0|13,0.39927984659039906,0.39927984659039906,0.0
synthetic_20|0|14,1.3950977637649338,1.3950977637649338,0.0
synthetic_20|0|15,0.32863232790743746,0.32863232790743746,0.0
synthetic_20|0|16,0.3613867630654082,0.3613867630654082,0.0
synthetic_20|0|17,0.3985787234979867,0.3985787234979867,0.0
synthetic_20|0|18,0.11223515296904152,0.11223515296904152,0.0
synthetic_20|0|19,0.27889497411105535,0.27889497411105535,0.0
synthetic_20|0|20,0.15106397996412513,0.15106397996412513,0.0
synthetic_20|0|21,0.2804423840853471,0.2804423840853471,0.0
synthetic_20|0|22,0.4263805879112714,0.4263805879112714,0.0
synthetic_20|0|23,0.03417996691531178,0.03417996691531178,0.0
synthetic_20|0|24,1.3663837894552981,1.3663837894552981,0.0
synthetic_20|0|25,1.1049748720000412,1.1049748720000412,0.0
synthetic_20|0|26,1.2649103426318937,1.2649103426318937,0.0
synthetic_20|0|27,0.19788538500150088,0.19788538500150088,0.0
synthetic_20|0|28,0.6081801167110035,0.6081801167110035,0.0
synthetic_20|0|29,0.24234247400642334,0.24234247400642334,0.0
synthetic_20|0|30,0.2529989170768695,0.2529989170768695,0.0
synthetic_20|0|31,1.0348932540309124,1.0348932540309124,0.0
synthetic_20|0|32,1.1171678532117897,1.1171678532117897,0.0
synthetic_20|0|33,0.08678758071850318,0.08678758071850318,0.0
synthetic_20|0|34,0.6119179046272212,0.6119179046272212,0.0
synthetic_20|0|35,1.343949684982193,1.343949684982193,0.0
synthetic_20|0|36,0.36376302020802936,0.36376302020802936,0.0
synthetic_20|0|37,0.38017598667234126,0.38017598667234126,0.0
synthetic_20|0|38,0.10465313745680349,0.10465313745680349,0.0
synthetic_20|0|39,0.1152932077599095,0.1152932077599095,0.0
synthetic_20|0|40,0.28794712005463946,0.28794712005463946,0.0
synthetic_20|0|41,0.9365640737301038,0.9365640737301038,0.0
synthetic_20|0|42,0.8850335058332527,0.8850335058332527,0.0
synthetic_20|0|43,0.5704067793141874,0.5704067793141874,0.0
synthetic_20|0|44,0.8881080076901727,0.8881080076901727,0.0
synthetic_20|0|45,0.6032821378296505,0.6032821378296505,0.0
synthetic_20|0|46,0.7630338324161262,0.7630338324161262,0.0
synthetic_20|0|47,0.03020246930475723,0.03020246930475723,0.0
synthetic_20|0|48,0.8513232749727525,0.8513232749727525,0.0
synthetic_20|0|49,0.3657194520661531,0.3657194520661531,0.0
synthetic_20|0|50,0.6533351939478922,0.6533351939478922,0.0
synthetic_20|0|51,1.298562518325319,1.298562518325319,0.0
synthetic_20|0|52,0.3112255610019147,0.3112255610019147,0.0
synthetic_20|0|53,1.175708324165917,1.175708324165917,0.0
synthetic_20|0|54,0.33049083057886497,0.33049083057886497,0.0
synthetic_20|0|55,0.4914426131318854,0.4914426131318854,0.0
synthetic_20|0|56,0.3381270325762019,0.3381270325762019,0.0
synthetic_20|0|57,0.9315597299954163,0.9315597299954163,0.0
synthetic_20|0|58,0.8470447926630418,0.8470447926630418,0.0
synthetic_20|0|59,0.24484105644876553,0.24484105644876553,0.0
synthetic_20|1|0,0.5351258809140159,0.5351258809140159,0.0
synthetic_20|1|1,0.5328576631201803,0.5328576631201803,0.0
synthetic_20|1|2,0.1831181190132945,0.1831181190132945,0.0
synthetic_20|1|3,0.31926720714258733,0.31926720714258733,0.0
synthetic_20|1|4,1.1552835760508233,1.1552835760508233,0.0
synthetic_20|1|5,0.6167384123836855,0.6167384123836855,0.0
synthetic_20|1|6,0.0021620870260994907,0.0021620870260994907,0.0
synthetic_20|1|7,0.5063357798362975,0.5063357798362975,0.0
synthetic_20|1|8,1.064631139184201,1.064631139184201,0.0
synthetic_20|1|9,0.18743470334496104,0.18743470334496104,0.0
synthetic_20|1|10,0.8858169570791493,0.8858169570791493,0.0
synthetic_20|1|11,0.8095744952190442,0.8095744952190442,0.0
synthetic_20|1|12,0.17075232393720313,0.17075232393720313,0.0
synthetic_20|1|13,1.2093907594119397,1.2093907594119397,0.0
synthetic_20|1|14,0.12625684584017735,0.12625684584017735,0.0
synthetic_20|1|15,0.029996853042404625,0.029996853042404625,0.0
synthetic_20|1|16,0.8620193657106962,0.8620193657106962,0.0
synthetic_20|1|17,0.72992903176459,0.72992903176459,0.0
synthetic_20|1|18,1.0686800987783902,1.0686800987783902,0.0
synthetic_20|1|19,0.2190561622132964,0.2190561622132964,0.0
synthetic_20|1|20,0.8376310369127928,0.8376310369127928,0.0
synthetic_20|1|21,1.6999922183367768,1.6999922183367768,0.0
synthetic_20|1|22,1.4184253860153546,1.4184253860153546,0.0
synthetic_20|1|23,0.23257227344694686,0.23257227344694686,0.0
synthetic_20|1|24,0.027520338788680043,0.027520338788680043,0.0
synthetic_20|1|25,0.38462492579450336,0.38462492579450336,0.0
synthetic_20|1|26,1.7806143029576609,1.7806143029576609,0.0
synthetic_20|1|27,0.36818982436563796,0.36818982436563796,0.0
synthetic_20|1|28,0.07231548202062815,0.07231548202062815,0.0
synthetic_20|1|29,0.1049886458594599,0.1049886458594599,0.0
synthetic_20|1|30,0.7188179423602372,0.7188179423602372,0.0
synthetic_20|1|31,0.577403607534351,0.577403607534351,0.0
synthetic_20|1|32,0.7168288442642071,0.7168288442642071,0.0
synthetic_20|1|33,0.9392908077274666,0.9392908077274666,0.0
synthetic_20|1|34,0.08740015881057239,0.08740015881057239,0.0
synthetic_20|1|35,0.02425841893685078,0.02425841893685078,0.0
synthetic_20|1|36,1.5579417245248415,1.5579417245248415,0.0
synthetic_20|1|37,0.5368337124618551,0.5368337124618551,0.0
synthetic_20|1|38,0.3913659371805082,0.3913659371805082,0.0
synthetic_20|1|39,0.06686881292823871,0.06686881292823871,0.0
synthetic_20|1|40,0.6148692240344882,0.6148692240344882,0.0
synthetic_20|1|41,0.5111590037723049,0.5111590037723049,0.0
synthetic_20|1|42,0.47481527527424006,0.47481527527424006,0.0
synthetic_20|1|43,0.35148198961711774,0.35148198961711774,0.0
synthetic_20|1|44,0.8755345042911643,0.8755345042911643,0.0
synthetic_20|1|45,0.03878002111752804,0.03878002111752804,0.0
synthetic_20|1|46,0.4259289126405514,0.4259289126405514,0.0
synthetic_20|1|47,0.35549197730036675,0.35549197730036675,0.0
synthetic_20|1|48,0.8497642015473708,0.8497642015473708,0.0
synthetic_20|1|49,1.257926986669356,1.257926986669356,0.0
synthetic_20|1|50,0.47846062222606806,0.47846062222606806,0.0
synthetic_20|1|51,0.6662852279061537,0.6662852279061537,0.0
synthetic_20|1|52,0.09520045675594706,0.09520045675594706,0.0
synthetic_20|1|53,0.44540622636862726,0.44540622636862726,0.0
synthetic_20|1|54,0.673486062626371,0.673486062626371,0.0
synthetic_20|1|55,0.3475113418808293,0.3475113418808293,0.0
synthetic_20|1|56,0.6668827007520634,0.6668827007520634,0.0
synthetic_20|1|57,0.4427092358675884,0.4427092358675884,0.0
synthetic_20|1|58,1.4212397894593145,1.4212397894593145,0.0
synthetic_20|1|59,1.6562899947518293,1.6562899947518293,0.0
synthetic_20|2|0,1.025576999955112,1.025576999955112,0.0
synthetic_20|2|1,0.09278195958987978,0.09278195958987978,0.0
synthetic_20|2|2,0.3963493638217136,0.3963493638217136,0.0
synthetic_20|2|3,0.5756029899454636,0.5756029899454636,0.0
synthetic_20|2|4,0.5292134637957857,0.5292134637957857,0.0
synthetic_20|2|5,0.3594994310770012,0.3594994310770012,0.0
synthetic_20|2|6,0.06238367025487698,0.06238367025487698,0.0
synthetic_20|2|7,0.6839891122627982,0.6839891122627982,0.0
synthetic_20|2|8,0.4055802986774093,0.4055802986774093,0.0
synthetic_20|2|9,0.38804424075483246,0.38804424075483246,0.0
synthetic_20|2|10,0.11698096892037396,0.11698096892037396,0.0
synthetic_20|2|11,0.33607088760034287,0.33607088760034287,0.0
synthetic_20|2|12,0.1612471262123732,0.1612471262123732,0.0
synthetic_20|2|13,0.1950031245280519,0.1950031245280519,0.0
synthetic_20|2|14,0.22448245733419325,0.22448245733419325,0.0
synthetic_20|2|15,1.2361311494850808,1.2361311494850808,0.0
synthetic_20|2|16,1.166075907041221,1.166075907041221,0.0
synthetic_20|2|17,0.6173754117248195,0.6173754117248195,0.0
synthetic_20|2|18,0.4744685261560399,0.4744685261560399,0.0
synthetic_20|2|19,0.2929406344836871,0.2929406344836871,0.0
synthetic_20|2|20,0.5516009015717507,0.5516009015717507,0.0
synthetic_20|2|21,0.5713853011938436,0.5713853011938436,0.0
synthetic_20|2|22,0.6283573020016995,0.6283573020016995,0.0
synthetic_20|2|23,1.2250604015925006,1.2250604015925006,0.0
synthetic_20|2|24,0.08232767820478187,0.08232767820478187,0.0
synthetic_20|2|25,1.1452800955780997,1.1452800955780997,0.0
synthetic_20|2|26,0.5266365526261509,0.5266365526261509,0.0
synthetic_20|2|27,0.7614438620361532,0.7614438620361532,0.0
synthetic_20|2|28,0.4338397717681979,0.4338397717681979,0.0
synthetic_20|2|29,0.7236435887889389,0.7236435887889389,0.0
synthetic_20|2|30,0.6044356074199629,0.6044356074199629,0.0
synthetic_20|2|31,0.03297605151233629,0.03297605151233629,0.0
synthetic_20|2|32,0.3717962122985652,0.3717962122985652,0.0
synthetic_20|2|33,0.23728113593938288,0.23728113593938288,0.0
synthetic_20|2|34,0.592934699304751,0.592934699304751,0.0
synthetic_20|2|35,0.042258919032029996,0.042258919032029996,0.0
synthetic_20|2|36,0.2328525119261472,0.2328525119261472,0.0
synthetic_20|2|37,0.5479384780208649,0.5479384780208649,0.0
synthetic_20|2|38,0.09345018588097398,0.09345018588097398,0.0
synthetic_20|2|39,0.004639842549985618,0.004639842549985618,0.0
synthetic_20|2|40,0.48634881843515726,0.48634881843515726,0.0
synthetic_20|2|41,0.9741905635900506,0.9741905635900506,0.0
synthetic_20|2|42,0.7516861706407143,0.7516861706407143,0.0
synthetic_20|2|43,0.3973205946945029,0.3973205946945029,0.0
synthetic_20|2|44,1.057293772419998,1.057293772419998,0.0
synthetic_20|2|45,0.9134708668068788,0.9134708668068788,0.0
synthetic_20|2|46,0.0010497212455964078,0.0010497212455964078,0.0
synthetic_20|2|47,0.3265264710043123,0.3265264710043123,0.0
synthetic_20|2|48,0.9943295436531389,0.9943295436531389,0.0
synthetic_20|2|49,0.9038197875685109,0.9038197875685109,0.0
synthetic_20|2|50,0.43578824056703114,0.43578824056703114,0.0
synthetic_20|2|51,0.17119166604974861,0.17119166604974861,0.0
synthetic_20|2|52,0.915479697465976,0.915479697465976,0.0
synthetic_20|2|53,0.9996575346645166,0.9996575346645166,0.0
synthetic_20|2|54,1.0062899658996696,1.0062899658996696,0.0
synthetic_20|2|55,0.37716355571560267,0.37716355571560267,0.0
synthetic_20|2|56,0.6351562621847257,0.6351562621847257,0.0
synthetic_20|2|57,0.2894047621248335,0.2894047621248335,0.0
synthetic_20|2|58,0.649247853236409,0.649247853236409,0.0
synthetic_20|2|59,0.4413495942411085,0.4413495942411085,0.0
synthetic_20|3|0,1.1433506118954633,1.1433506118954633,0.0
synthetic_20|3|1,0.2722544731406107,0.2722544731406107,0.0
synthetic_20|3|2,0.4313162698902096,0.4313162698902096,0.0
synthetic_20|3|3,0.5418005601339503,0.5418005601339503,0.0
synthetic_20|3|4,0.5837133313753468,0.5837133313753468,0.0
synthetic_20|3|5,0.43862859774136853,0.43862859774136853,0.0
synthetic_20|3|6,0.09758005494637911,0.09758005494637911,0.0
synthetic_20|3|7,0.43680303779556806,0.43680303779556806,0.0
synthetic_20|3|8,0.3457868475813195,0.3457868475813195,0.0
synthetic_20|3|9,0.08104598561541226,0.08104598561541226,0.0
synthetic_20|3|10,0.6019836098942937,0.6019836098942937,0.0
synthetic_20|3|11,0.5349333288219029,0.5349333288219029,0.0
synthetic_20|3|12,0.8808734382445272,0.8808734382445272,0.0
synthetic_20|3|13,0.20864720283059468,0.20864720283059468,0.0
synthetic_20|3|14,1.2468523737261066,1.2468523737261066,0.0
synthetic_20|3|15,0.77457180488052,0.77457180488052,0.0
synthetic_20|3|16,0.19151043632124398,0.19151043632124398,0.0
synthetic_20|3|17,0.7012846930881278,0.7012846930881278,0.0
synthetic_20|3|18,1.7087203937546982,1.7087203937546982,0.0
synthetic_20|3|19,0.8078369539158122,0.8078369539158122,0.0
synthetic_20|3|20,0.5966966427484054,0.5966966427484054,0.0
synthetic_20|3|21,0.2845802256045985,0.2845802256045985,0.0
synthetic_20|3|22,0.37980515499425155,0.3798051549942516,5.551115123125783e-17
synthetic_20|3|23,0.20979369367525735,0.20979369367525735,0.0
synthetic_20|3|24,0.277228730494407,0.277228730494407,0.0
synthetic_20|3|25,0.3550300168911051,0.3550300168911051,0.0
synthetic_20|3|26,0.6848382332786261,0.6848382332786261,0.0
synthetic_20|3|27,0.5025037166735006,0.5025037166735006,0.0
synthetic_20|3|28,0.012309246265626794,0.012309246265626794,0.0
synthetic_20|3|29,1.9150087176982105,1.9150087176982105,0.0
synthetic_20|3|30,0.5140523209888412,0.5140523209888412,0.0
synthetic_20|3|31,0.8651194836116658,0.8651194836116658,0.0
synthetic_20|3|32,0.8870912772649918,0.8870912772649918,0.0
synthetic_20|3|33,0.24577352244854783,0.24577352244854783,0.0
synthetic_20|3|34,1.5903240127513814,1.5903240127513814,0.0
synthetic_20|3|35,0.010868373292540867,0.010868373292540867,0.0
synthetic_20|3|36,0.17277475598196956,0.17277475598196956,0.0
synthetic_20|3|37,0.8420133756190714,0.8420133756190714,0.0
synthetic_20|3|38,0.13545409498624417,0.13545409498624417,0.0
synthetic_20|3|39,0.34786701380386503,0.34786701380386503,0.0
synthetic_20|3|40,0.43541209959906957,0.43541209959906957,0.0
synthetic_20|3|41,1.1707308114235613,1.1707308114235613,0.0
synthetic_20|3|42,0.20956476148563247,0.20956476148563247,0.0
synthetic_20|3|43,0.33334948149146815,0.33334948149146815,0.0
synthetic_20|3|44,0.8115996453149109,0.8115996453149109,0.0
synthetic_20|3|45,0.13199568044060198,0.13199568044060198,0.0
synthetic_20|3|46,0.39939714285391925,0.39939714285391925,0.0
synthetic_20|3|47,0.24896407052375763,0.24896407052375763,0.0
synthetic_20|3|48,0.18489450637452903,0.18489450637452903,0.0
synthetic_20|3|49,0.2544056661813053,0.2544056661813053,0.0
synthetic_20|3|50,0.8263014543860622,0.8263014543860622,0.0
synthetic_20|3|51,0.3106317136328215,0.3106317136328215,0.0
synthetic_20|3|52,0.9751551219703843,0.9751551219703843,0.0
synthetic_20|3|53,1.058214614734083,1.058214614734083,0.0
synthetic_20|3|54,0.09421621256402885,0.09421621256402885,0.0
synthetic_20|3|55,0.6476808601944554,0.6476808601944554,0.0
synthetic_20|3|56,0.682079539651476,0.682079539651476,0.0
synthetic_20|3|57,1.24344699072838,1.24344699072838,0.0
synthetic_20|3|58,0.25515889738608954,0.25515889738608954,0.0
synthetic_20|3|59,0.35324360148003076,0.35324360148003076,0.0
synthetic_20|4|0,0.49127981685339783,0.49127981685339783,0.0
synthetic_20|4|1,0.2462478186135243,0.2462478186135243,0.0
synthetic_20|4|2,0.43769171170755977,0.43769171170755977,0.0
synthetic_20|4|3,1.032282864269151,1.032282864269151,0.0
synthetic_20|4|4,0.06821623989546707,0.06821623989546707,0.0
synthetic_20|4|5,0.6024107535013585,0.6024107535013585,0.0
synthetic_20|4|6,0.382914091006092,0.382914091006092,0.0
synthetic_20|4|7,0.17413246180447745,0.17413246180447745,0.0
synthetic_20|4|8,1.3437463624651846,1.3437463624651846,0.0
synthetic_20|4|9,1.1897266159539412,1.1897266159539412,0.0
synthetic_20|4|10,0.27903067990681063,0.27903067990681063,0.0
synthetic_20|4|11,0.09977300817792505,0.09977300817792505,0.0
synthetic_20|4|12,0.5380496843731899,0.5380496843731899,0.0
synthetic_20|4|13,0.957853145122716,0.957853145122716,0.0
synthetic_20|4|14,0.003555537503901446,0.003555537503901446,0.0
synthetic_20|4|15,0.38916807991041025,0.38916807991041025,0.0
synthetic_20|4|16,0.7772198205831174,0.7772198205831174,0.0
synthetic_20|4|17,0.42092000186192224,0.42092000186192224,0.0
synthetic_20|4|18,0.8130453581660373,0.8130453581660373,0.0
synthetic_20|4|19,0.7701111240854093,0.7701111240854093,0.0
synthetic_20|4|20,0.7023400644906016,0.7023400644906016,0.0
synthetic_20|4|21,0.06413143967524482,0.06413143967524482,0.0
synthetic_20|4|22,0.9604325630910929,0.9604325630910929,0.0
synthetic_20|4|23,0.1513885458126285,0.1513885458126285,0.0
synthetic_20|4|24,1.2630742114003253,1.2630742114003253,0.0
synthetic_20|4|25,0.5108216638236154,0.5108216638236154,0.0
synthetic_20|4|26,0.7711825158318745,0.7711825158318745,0.0
synthetic_20|4|27,0.5260866427886934,0.5260866427886934,0.0
synthetic_20|4|28,0.8253003920996123,0.8253003920996123,0.0
synthetic_20|4|29,0.5968546128749592,0.5968546128749592,0.0
synthetic_20|4|30,0.020435801760609662,0.020435801760609662,0.0
synthetic_20|4|31,0.701500576537361,0.701500576537361,0.0
synthetic_20|4|32,0.9939870533743017,0.9939870533743017,0.0
synthetic_20|4|33,0.05439698436382079,0.05439698436382079,0.0
synthetic_20|4|34,0.3486066132928561,0.3486066132928561,0.0
synthetic_20|4|35,0.7460637742478688,0.7460637742478688,0.0
synthetic_20|4|36,1.2109252478708061,1.2109252478708061,0.0
synthetic_20|4|37,0.8751043723810327,0.8751043723810327,0.0
synthetic_20|4|38,0.8340285924468999,0.8340285924468999,0.0
synthetic_20|4|39,1.2831253662816482,1.2831253662816482,0.0
synthetic_20|4|40,0.9220020520661988,0.9220020520661988,0.0
synthetic_20|4|41,0.40205886596858076,0.40205886596858076,0.0
synthetic_20|4|42,0.9416066510751915,0.9416066510751915,0.0
synthetic_20|4|43,0.3786424504597369,0.3786424504597369,0.0
synthetic_20|4|44,1.1492216834701154,1.1492216834701154,0.0
synthetic_20|4|45,0.8289215937267423,0.8289215937267423,0.0
synthetic_20|4|46,0.09605802268129882,0.09605802268129882,0.0
synthetic_20|4|47,0.23313105354840613,0.23313105354840613,0.0
synthetic_20|4|48,1.1091617412111408,1.1091617412111408,0.0
synthetic_20|4|49,1.4939054122604332,1.4939054122604332,0.0
synthetic_20|4|50,0.8580420547696117,0.8580420547696117,0.0
synthetic_20|4|51,0.8553036162318227,0.8553036162318227,0.0
synthetic_20|4|52,0.8583740147977763,0.8583740147977763,0.0
synthetic_20|4|53,1.917563096358894,1.917563096358894,0.0
synthetic_20|4|54,0.4699457628785,0.4699457628785,0.0
synthetic_20|4|55,0.5558228393159003,0.5558228393159003,0.0
synthetic_20|4|56,1.3950852939940566,1.3950852939940566,0.0
synthetic_20|4|57,0.5476172725608264,0.5476172725608264,0.0
synthetic_20|4|58,1.1855967384186143,1.1855967384186143,0.0
synthetic_20|4|59,1.1322750377250006,1.1322750377250006,0.0
