dataset,seed,method,success_rate,median_distance,median_runtime_ms
breast_cancer,0,nearest_neighbor,1.0,3.3162951317599765,0.014550008927471936
breast_cancer,0,random_search,1.0,1.5394268333115155,0.4290000069886446
breast_cancer,0,treesat_exact,1.0,0.46022131407537714,0.06289999873843044
breast_cancer,1,nearest_neighbor,1.0,3.836755633585141,0.013250013580545783
breast_cancer,1,random_search,1.0,1.9041403994616726,0.4046499961987138
breast_cancer,1,treesat_exact,1.0,0.5087884817355517,0.060399994254112244
breast_cancer,2,nearest_neighbor,1.0,2.901690194887364,0.013900003978051245
breast_cancer,2,random_search,1.0,1.9092697902024736,0.40970000554807484
breast_cancer,2,treesat_exact,1.0,0.5646060002842452,0.061049999203532934
breast_cancer,3,nearest_neighbor,1.0,3.3562957489668994,0.017149985069409013
breast_cancer,3,random_search,0.9666666666666667,1.7923858993989101,0.40889999945648015
breast_cancer,3,treesat_exact,1.0,0.5799700417550854,0.0892000098247081
breast_cancer,4,nearest_neighbor,1.0,3.807704831949799,0.015500001609325409
breast_cancer,4,random_search,1.0,1.9820848197530596,0.41380002221558243
breast_cancer,4,treesat_exact,1.0,0.48565463893928357,0.06489999941550195
breast_cancer,5,nearest_neighbor,1.0,3.3614532394113357,0.017099999240599573
breast_cancer,5,random_search,1.0,1.9670841913566361,0.4294499958632514
breast_cancer,5,treesat_exact,1.0,0.5612475331098432,0.06819999543949962
breast_cancer,6,nearest_neighbor,1.0,3.9076308849809958,0.016049991245381534
breast_cancer,6,random_search,1.0,2.358856536562096,0.41370000690221786
breast_cancer,6,treesat_exact,1.0,0.6667945302742082,0.06330000178422779
breast_cancer,7,nearest_neighbor,1.0,3.9749823840838747,0.016099991626106203
breast_cancer,7,random_search,0.9333333333333333,3.081713747574769,0.4083499952685088
breast_cancer,7,treesat_exact,1.0,0.768054616235927,0.06310000026132911
breast_cancer,8,nearest_neighbor,1.0,4.055866211733122,0.017950005712918937
breast_cancer,8,random_search,1.0,1.8017759735182581,0.47324999468401074
breast_cancer,8,treesat_exact,1.0,0.497580793775811,0.07115000335033983
breast_cancer,9,nearest_neighbor,1.0,3.454777644117699,0.015350000467151403
breast_cancer,9,random_search,1.0,2.06799562928071,0.42270000267308205
breast_cancer,9,treesat_exact,1.0,0.6250571146077055,0.06215000757947564
breast_cancer,10,nearest_neighbor,1.0,3.5484345691860737,0.016249992768280208
breast_cancer,10,random_search,1.0,2.4029897846585175,0.41110000165645033
breast_cancer,10,treesat_exact,1.0,0.7269755731376182,0.06909998774062842
breast_cancer,11,nearest_neighbor,1.0,3.9136745365070658,0.013650002074427903
breast_cancer,11,random_search,1.0,2.900075109575692,0.40324998553842306
breast_cancer,11,treesat_exact,1.0,0.7895400056769706,0.06010000652167946
breast_cancer,12,nearest_neighbor,1.0,3.3374303232984235,0.01589999010320753
breast_cancer,12,random_search,1.0,2.001586304221411,0.40550000267103314
breast_cancer,12,treesat_exact,1.0,0.5118346064961186,0.059550016885623336
breast_cancer,13,nearest_neighbor,1.0,3.4977395549833172,0.015099998563528061
breast_cancer,13,random_search,1.0,2.1893040266769814,0.42565001058392227
breast_cancer,13,treesat_exact,1.0,0.5786652624780034,0.06340000254567713
breast_cancer,14,nearest_neighbor,1.0,3.6728614129720283,0.013100012438371778
breast_cancer,14,random_search,1.0,1.8747774357278888,0.39465000736527145
breast_cancer,14,treesat_exact,1.0,0.560930558392394,0.05805000546388328
breast_cancer,15,nearest_neighbor,1.0,3.5386572265588874,0.016399993910454214
breast_cancer,15,random_search,0.9666666666666667,2.2611877275469174,0.4041500069433823
breast_cancer,15,treesat_exact,1.0,0.8248688528772383,0.07059998461045325
breast_cancer,16,nearest_neighbor,1.0,3.4052791273201777,0.015099984011612833
breast_cancer,16,random_search,1.0,1.9110754633250855,0.41259999852627516
breast_cancer,16,treesat_exact,1.0,0.6039506989629748,0.06125001527834684
breast_cancer,17,nearest_neighbor,1.0,3.7245221120160568,0.014249992091208696
breast_cancer,17,random_search,1.0,2.039094735139301,0.4045999958179891
breast_cancer,17,treesat_exact,1.0,0.5038324443188382,0.06219997885636985
breast_cancer,18,nearest_neighbor,1.0,3.823769311416987,0.015450015780515969
breast_cancer,18,random_search,1.0,2.307125650781988,0.407150000683032
breast_cancer,18,treesat_exact,1.0,0.81263636311064,0.06220000796020031
breast_cancer,19,nearest_neighbor,1.0,4.188920524348807,0.016200006939470768
breast_cancer,19,random_search,1.0,3.667622869994688,0.3923499898519367
breast_cancer,19,treesat_exact,1.0,0.9022412323323459,0.060250007663853467
digits_0_vs_1,0,nearest_neighbor,1.0,8.198799520679142,0.014349992852658033
digits_0_vs_1,0,random_search,1.0,3.7494898164404136,0.5432500038295984
digits_0_vs_1,0,treesat_exact,1.0,1.1672633011357096,0.057199998991563916
digits_0_vs_1,1,nearest_neighbor,1.0,8.140490928628658,0.014199991710484028
digits_0_vs_1,1,random_search,1.0,0.7425664818453511,0.5576499970629811
digits_0_vs_1,1,treesat_exact,1.0,0.0967624497266831,0.054500007536262274
digits_0_vs_1,2,nearest_neighbor,1.0,8.356996747445258,0.027650006813928485
digits_0_vs_1,2,random_search,1.0,0.6317368040555642,0.9690500010037795
digits_0_vs_1,2,treesat_exact,1.0,0.0977030145879279,0.0822000001790002
digits_0_vs_1,3,nearest_neighbor,1.0,8.480971775236121,0.014850011211819947
digits_0_vs_1,3,random_search,0.9333333333333333,2.59059821372211,0.5482499982463196
digits_0_vs_1,3,treesat_exact,1.0,0.6043237241929481,0.05775000317953527
digits_0_vs_1,4,nearest_neighbor,1.0,8.34167248486321,0.014200006262399256
digits_0_vs_1,4,random_search,1.0,2.562602136941633,0.530549994437024
digits_0_vs_1,4,treesat_exact,1.0,0.4827687219952597,0.0550499971723184
digits_0_vs_1,5,nearest_neighbor,1.0,8.73341258990679,0.014949997421354055
digits_0_vs_1,5,random_search,0.9666666666666667,2.7640271825053997,0.5437500076368451
digits_0_vs_1,5,treesat_exact,1.0,0.618677165761029,0.055199998314492404
digits_0_vs_1,6,nearest_neighbor,1.0,8.632227233512635,0.014499993994832039
digits_0_vs_1,6,random_search,0.9666666666666667,4.837232239477678,0.5343499942682683
digits_0_vs_1,6,treesat_exact,1.0,1.3104949985229988,0.053449999541044235
digits_0_vs_1,7,nearest_neighbor,1.0,8.291142367489453,0.015049998182803392
digits_0_vs_1,7,random_search,1.0,2.8386743217248225,0.5642000178340822
digits_0_vs_1,7,treesat_exact,1.0,0.7671722324699743,0.06544998905155808
digits_0_vs_1,8,nearest_neighbor,1.0,8.486084348093499,0.014749995898455381
digits_0_vs_1,8,random_search,1.0,2.7295560308012847,0.5365000106394291
digits_0_vs_1,8,treesat_exact,1.0,0.6269740459046407,0.05604999023489654
digits_0_vs_1,9,nearest_neighbor,1.0,8.916754630023199,0.025900008040480316
digits_0_vs_1,9,random_search,1.0,4.093778186860681,0.8688999951118603
digits_0_vs_1,9,treesat_exact,1.0,1.2317351335455269,0.13380001473706216
digits_0_vs_1,10,nearest_neighbor,1.0,8.720491021212617,0.021800005924887955
digits_0_vs_1,10,random_search,0.9666666666666667,4.691315621055807,0.792499995441176
digits_0_vs_1,10,treesat_exact,1.0,1.05373676568268,0.08060000254772604
digits_0_vs_1,11,nearest_neighbor,1.0,8.608267976989922,0.018649996491149068
digits_0_vs_1,11,random_search,1.0,3.6048904726769555,0.6394000083673745
digits_0_vs_1,11,treesat_exact,1.0,0.827337500136972,0.06720000237692147
digits_0_vs_1,12,nearest_neighbor,1.0,8.827367367246975,0.01444999361410737
digits_0_vs_1,12,random_search,1.0,2.786294201651883,0.5345000099623576
digits_0_vs_1,12,treesat_exact,1.0,0.6078375559826448,0.05564998718909919
digits_0_vs_1,13,nearest_neighbor,1.0,8.337765945358013,0.014550008927471936
digits_0_vs_1,13,random_search,1.0,4.639035323689647,0.538849999429658
digits_0_vs_1,13,treesat_exact,1.0,0.8253104269915551,0.05590001819655299
digits_0_vs_1,14,nearest_neighbor,1.0,8.36355762632007,0.015550001990050077
digits_0_vs_1,14,random_search,1.0,2.795604078938182,0.5499000108102337
digits_0_vs_1,14,treesat_exact,1.0,0.5546231903599494,0.05714999861083925
digits_0_vs_1,15,nearest_neighbor,1.0,8.197720866042689,0.01440000778529793
digits_0_vs_1,15,random_search,1.0,2.6610432034828606,0.5288499960443005
digits_0_vs_1,15,treesat_exact,1.0,0.4810538653269962,0.05465000867843628
digits_0_vs_1,16,nearest_neighbor,1.0,8.492516407549836,0.015000012353993952
digits_0_vs_1,16,random_search,0.9666666666666667,2.6883624436662052,0.5482000124175102
digits_0_vs_1,16,treesat_exact,0.5666666666666667,0.48122221956472083,0.05840000812895596
digits_0_vs_1,17,nearest_neighbor,1.0,8.491261092991753,0.02200000744778663
digits_0_vs_1,17,random_search,1.0,0.6830604022296805,0.7247500034281984
digits_0_vs_1,17,treesat_exact,0.7333333333333333,0.09831721936920529,0.08745001105125993
digits_0_vs_1,18,nearest_neighbor,1.0,8.506075337558892,0.017250014934688807
digits_0_vs_1,18,random_search,0.9666666666666667,2.6651539756212155,0.5742500070482492
digits_0_vs_1,18,treesat_exact,0.4666666666666667,0.4840278669472518,0.06309998570941389
digits_0_vs_1,19,nearest_neighbor,1.0,8.553269556143942,0.01575000351294875
digits_0_vs_1,19,random_search,1.0,2.745561627186392,0.5503499996848404
digits_0_vs_1,19,treesat_exact,0.5333333333333333,0.4850415030292539,0.05879999662283808
iris_binary,0,nearest_neighbor,1.0,2.66903001913023,0.011550000635907054
iris_binary,0,random_search,1.0,1.2250600857851317,0.3780999832088128
iris_binary,0,treesat_exact,1.0,0.7955189480126407,0.0668499997118488
iris_binary,1,nearest_neighbor,1.0,2.5590653483364583,0.010350006050430238
iris_binary,1,random_search,1.0,1.3100037068980561,0.33489998895674944
iris_binary,1,treesat_exact,0.3333333333333333,0.7880836663474179,0.058999998145736754
iris_binary,2,nearest_neighbor,1.0,2.5181632577841144,0.008549992344342172
iris_binary,2,random_search,1.0,1.1534522754629835,0.28500000189524144
iris_binary,2,treesat_exact,1.0,0.7156226203087855,0.049000009312294424
iris_binary,3,nearest_neighbor,1.0,2.5806665611454838,0.008100003469735384
iris_binary,3,random_search,1.0,0.9889243988270797,0.2759000053629279
iris_binary,3,treesat_exact,1.0,0.7630260757401993,0.04675000673159957
iris_binary,4,nearest_neighbor,1.0,2.7805157839634362,0.008200004231184721
iris_binary,4,random_search,0.9333333333333333,1.348651817805398,0.27415000658947974
iris_binary,4,treesat_exact,1.0,1.1060372536171734,0.04740001168102026
iris_binary,5,nearest_neighbor,1.0,2.7016820267927883,0.008850009180605412
iris_binary,5,random_search,1.0,1.1723471447501659,0.2862999972421676
iris_binary,5,treesat_exact,1.0,0.7875403935159714,0.05140001303516328
iris_binary,6,nearest_neighbor,1.0,2.7296249665768517,0.008749993867240846
iris_binary,6,random_search,1.0,1.0157825372173372,0.28469999961089343
iris_binary,6,treesat_exact,1.0,0.8367238273179247,0.04855000588577241
iris_binary,7,nearest_neighbor,1.0,2.6418489770028137,0.008300004992634058
iris_binary,7,random_search,1.0,1.3225783143905538,0.2749499981291592
iris_binary,7,treesat_exact,1.0,0.9618758701163901,0.047850015107542276
iris_binary,8,nearest_neighbor,1.0,3.2790723751922175,0.009800001862458885
iris_binary,8,random_search,0.9666666666666667,1.4181362173932046,0.33039999834727496
iris_binary,8,treesat_exact,0.26666666666666666,0.5998077165158701,0.05954998778179288
iris_binary,9,nearest_neighbor,1.0,2.873618457516181,0.009399984264746308
iris_binary,9,random_search,0.9666666666666667,1.4169503421280618,0.2986999897984788
iris_binary,9,treesat_exact,0.3,0.543057653941453,0.05324999801814556
iris_binary,10,nearest_neighbor,1.0,2.9610957157599844,0.013450000551529229
iris_binary,10,random_search,1.0,1.3584179802661143,0.43864999315701425
iris_binary,10,treesat_exact,1.0,0.9128709373872874,0.07939999341033399
iris_binary,11,nearest_neighbor,1.0,2.599773243688494,0.008349990821443498
iris_binary,11,random_search,1.0,1.0196205045270772,0.2766999969026074
iris_binary,11,treesat_exact,0.4,0.786232995534366,0.050350005039945245
iris_binary,12,nearest_neighbor,1.0,2.7982593895485426,0.00825000461190939
iris_binary,12,random_search,1.0,1.2544859957862502,0.27650000993162394
iris_binary,12,treesat_exact,1.0,0.9221383759121449,0.048049987526610494
iris_binary,13,nearest_neighbor,1.0,2.4735439225120404,0.010100004146806896
iris_binary,13,random_search,1.0,1.1114450398956008,0.31805000617168844
iris_binary,13,treesat_exact,0.3333333333333333,0.7186415397948974,0.05775000317953527
iris_binary,14,nearest_neighbor,1.0,2.707843999162543,0.008500006515532732
iris_binary,14,random_search,0.9666666666666667,1.0662150334236837,0.2844499977072701
iris_binary,14,treesat_exact,0.36666666666666664,0.7903489269977108,0.05015000351704657
iris_binary,15,nearest_neighbor,1.0,2.626870634825088,0.008650007657706738
iris_binary,15,random_search,1.0,1.012723970644462,0.28279999969527125
iris_binary,15,treesat_exact,0.43333333333333335,0.5288150410406957,0.05020000389777124
iris_binary,16,nearest_neighbor,1.0,2.7070570216621914,0.009149996913038194
iris_binary,16,random_search,0.9666666666666667,1.0915475035970883,0.28854999982286245
iris_binary,16,treesat_exact,1.0,0.7836827060163176,0.04990000161342323
iris_binary,17,nearest_neighbor,1.0,2.3694516314141483,0.008800008799880743
iris_binary,17,random_search,1.0,1.1797072820356096,0.284350011497736
iris_binary,17,treesat_exact,1.0,0.9777649677479071,0.05025000427849591
iris_binary,18,nearest_neighbor,1.0,2.791027329324165,0.009300012607127428
iris_binary,18,random_search,1.0,1.1766986723389414,0.2997999981744215
iris_binary,18,treesat_exact,0.3,0.6640655143789526,0.05304999649524689
iris_binary,19,nearest_neighbor,1.0,2.850631707921307,0.008500006515532732
iris_binary,19,random_search,1.0,1.2853773254926428,0.28560000646393746
iris_binary,19,treesat_exact,1.0,0.9242541372149454,0.04975000047124922
synthetic_20,0,nearest_neighbor,1.0,3.7056842037066833,0.030850002076476812
synthetic_20,0,random_search,1.0,1.6656318041539018,0.4766000056406483
synthetic_20,0,treesat_exact,1.0,0.6080232099081063,0.10140000085812062
synthetic_20,1,nearest_neighbor,1.0,3.779387358104943,0.02305000089108944
synthetic_20,1,random_search,1.0,1.4579164493692578,0.37429999792948365
synthetic_20,1,treesat_exact,1.0,0.5877469105850781,0.0746000005165115
synthetic_20,2,nearest_neighbor,1.0,3.3924136946996613,0.02370000584051013
synthetic_20,2,random_search,1.0,1.438088980139253,0.38315000711008906
synthetic_20,2,treesat_exact,1.0,0.43561999285189956,0.0737000082153827
synthetic_20,3,nearest_neighbor,1.0,3.484529141229417,0.028349997592158616
synthetic_20,3,random_search,1.0,1.2167582735321374,0.5041000113124028
synthetic_20,3,treesat_exact,1.0,0.5042710032170505,0.1110500015784055
synthetic_20,4,nearest_neighbor,1.0,3.7001704449964006,0.022599997464567423
synthetic_20,4,random_search,1.0,0.8369615385600183,0.37820001307409257
synthetic_20,4,treesat_exact,1.0,0.49653881436058706,0.076149997767061
synthetic_20,5,nearest_neighbor,1.0,3.7084817248412207,0.022549997083842754
synthetic_20,5,random_search,1.0,1.9375379411062972,0.3679000219563022
synthetic_20,5,treesat_exact,1.0,0.660692160200634,0.06834999658167362
synthetic_20,6,nearest_neighbor,1.0,3.444702650918563,0.023550004698336124
synthetic_20,6,random_search,1.0,1.3670294335097863,0.3863000019919127
synthetic_20,6,treesat_exact,1.0,0.4825237397986282,0.07494998862966895
synthetic_20,7,nearest_neighbor,1.0,3.7514206143169178,0.026749999960884452
synthetic_20,7,random_search,1.0,1.1838340441900066,0.40345000161323696
synthetic_20,7,treesat_exact,1.0,0.5247919272118022,0.102850011899136
synthetic_20,8,nearest_neighbor,1.0,3.756500521157981,0.02139998832717538
synthetic_20,8,random_search,1.0,1.6192884381924015,0.3704999980982393
synthetic_20,8,treesat_exact,1.0,0.6077486808365218,0.06844999734312296
synthetic_20,9,nearest_neighbor,1.0,3.3585342058267935,0.02300000051036477
synthetic_20,9,random_search,1.0,1.0602310870749148,0.36859999818261713
synthetic_20,9,treesat_exact,1.0,0.5537013280926657,0.07749999349471182
synthetic_20,10,nearest_neighbor,1.0,3.585362907083037,0.022249994799494743
synthetic_20,10,random_search,1.0,1.4599765097129345,0.36094999813940376
synthetic_20,10,treesat_exact,1.0,0.5299893962963127,0.07280000136233866
synthetic_20,11,nearest_neighbor,1.0,3.9003934793751283,0.022499996703118086
synthetic_20,11,random_search,1.0,1.2133833053869356,0.37369999336078763
synthetic_20,11,treesat_exact,1.0,0.5206689428081466,0.0754999928176403
synthetic_20,12,nearest_neighbor,1.0,3.4828964214523377,0.0247000134550035
synthetic_20,12,random_search,1.0,0.9129938734431438,0.3880500007653609
synthetic_20,12,treesat_exact,1.0,0.40984119329967794,0.072750000981614
synthetic_20,13,nearest_neighbor,1.0,3.842179028061043,0.02340000355616212
synthetic_20,13,random_search,1.0,1.531031603886468,0.3793500072788447
synthetic_20,13,treesat_exact,1.0,0.5411426769000351,0.07234999793581665
synthetic_20,14,nearest_neighbor,1.0,3.760520686254329,0.02230000973213464
synthetic_20,14,random_search,0.9666666666666667,1.7081437031244344,0.35999999090563506
synthetic_20,14,treesat_exact,1.0,0.5446238150526683,0.06605000817216933
synthetic_20,15,nearest_neighbor,1.0,3.4961550130353602,0.023950007744133472
synthetic_20,15,random_search,1.0,1.6771205365621351,0.37170000723563135
synthetic_20,15,treesat_exact,1.0,0.6275385760501664,0.07105000258889049
synthetic_20,16,nearest_neighbor,1.0,3.711537247425178,0.024549997760914266
synthetic_20,16,random_search,1.0,1.7823844669852946,0.3941000031773001
synthetic_20,16,treesat_exact,1.0,0.640418068782969,0.08670000534038991
synthetic_20,17,nearest_neighbor,1.0,3.626237521460582,0.02955000672955066
synthetic_20,17,random_search,1.0,1.67070295196599,0.47759999870322645
synthetic_20,17,treesat_exact,1.0,0.6621500507961369,0.09914999827742577
synthetic_20,18,nearest_neighbor,1.0,3.402462145537854,0.022899999748915434
synthetic_20,18,random_search,1.0,1.0700053642321563,0.3623999946285039
synthetic_20,18,treesat_exact,1.0,0.46414360874476485,0.06814999505877495
synthetic_20,19,nearest_neighbor,1.0,3.328387941698846,0.023150001652538776
synthetic_20,19,random_search,1.0,1.186895824730696,0.3638999769464135
synthetic_20,19,treesat_exact,1.0,0.35815714809684923,0.06575000588782132
wine_binary,0,nearest_neighbor,1.0,3.6618344634869837,0.010150004527531564
wine_binary,0,random_search,1.0,2.548563156948541,0.342100000125356
wine_binary,0,treesat_exact,1.0,1.092659381578632,0.056899996707215905
wine_binary,1,nearest_neighbor,1.0,3.549453961665469,0.009899988071992993
wine_binary,1,random_search,1.0,2.23950178384316,0.33080001594498754
wine_binary,1,treesat_exact,1.0,0.9475285690572746,0.05520001286640763
wine_binary,2,nearest_neighbor,1.0,3.5537664454386055,0.009800001862458885
wine_binary,2,random_search,0.9,2.2330328135647304,0.3279999946244061
wine_binary,2,treesat_exact,0.9666666666666667,0.983263553868707,0.05370000144466758
wine_binary,3,nearest_neighbor,1.0,3.4970142751727162,0.009900002623908222
wine_binary,3,random_search,1.0,2.271777080838233,0.3263000107835978
wine_binary,3,treesat_exact,1.0,0.8626048854083619,0.05294999573379755
wine_binary,4,nearest_neighbor,1.0,4.027628366476835,0.011299998732283711
wine_binary,4,random_search,0.9666666666666667,2.6215538802789906,0.3564500075299293
wine_binary,4,treesat_exact,1.0,1.1850429777763944,0.059999991208314896
wine_binary,5,nearest_neighbor,1.0,3.889828476506254,0.011050011380575597
wine_binary,5,random_search,1.0,1.6027805290206405,0.3498500009300187
wine_binary,5,treesat_exact,1.0,0.9808295668034308,0.08425000123679638
wine_binary,6,nearest_neighbor,1.0,3.6410117375064712,0.013299999409355223
wine_binary,6,random_search,1.0,1.6236385527269643,0.42224999924656004
wine_binary,6,treesat_exact,1.0,0.9564434581630337,0.0840499997138977
wine_binary,7,nearest_neighbor,1.0,3.324306893681671,0.009300012607127428
wine_binary,7,random_search,0.9333333333333333,1.3393691592912642,0.32029999420046806
wine_binary,7,treesat_exact,1.0,0.709980651867844,0.050399990868754685
wine_binary,8,nearest_neighbor,1.0,3.731733261185268,0.011000010999850929
wine_binary,8,random_search,1.0,1.8562574583649278,0.35945000126957893
wine_binary,8,treesat_exact,1.0,0.877946244791801,0.06630001007579267
wine_binary,9,nearest_neighbor,1.0,3.975248432087741,0.009750001481734216
wine_binary,9,random_search,1.0,2.5210586430669877,0.3229999856557697
wine_binary,9,treesat_exact,1.0,1.1344304666986789,0.056949997087940574
wine_binary,10,nearest_neighbor,1.0,3.8843682046181796,0.010350006050430238
wine_binary,10,random_search,1.0,1.7175547719285558,0.3277999931015074
wine_binary,10,treesat_exact,1.0,0.8108968541201428,0.05535001400858164
wine_binary,11,nearest_neighbor,1.0,3.2540542979789753,0.01479999627918005
wine_binary,11,random_search,0.9666666666666667,2.429793700053629,0.6325499998638406
wine_binary,11,treesat_exact,0.9666666666666667,0.9883440103439152,0.072900002123788
wine_binary,12,nearest_neighbor,1.0,3.8769614968412336,0.01309999788645655
wine_binary,12,random_search,1.0,2.4970521515177664,0.38639998820144683
wine_binary,12,treesat_exact,1.0,1.0075986140122666,0.06555000436492264
wine_binary,13,nearest_neighbor,1.0,4.0003021806282675,0.009399998816661537
wine_binary,13,random_search,1.0,2.44992678862211,0.3190499992342666
wine_binary,13,treesat_exact,0.9,1.2084207158213902,0.05644999328069389
wine_binary,14,nearest_neighbor,1.0,3.8791765490501833,0.00960000033956021
wine_binary,14,random_search,0.9666666666666667,2.4316577694208488,0.31829999352339655
wine_binary,14,treesat_exact,1.0,1.1418765102214545,0.05250000685919076
wine_binary,15,nearest_neighbor,1.0,3.8565852284395037,0.010300020221620798
wine_binary,15,random_search,1.0,1.8199562019747018,0.3329500032123178
wine_binary,15,treesat_exact,1.0,0.9470666983338484,0.05469999450724572
wine_binary,16,nearest_neighbor,1.0,3.9096825089146243,0.01030000566970557
wine_binary,16,random_search,1.0,2.4324461761618323,0.3235000040149316
wine_binary,16,treesat_exact,1.0,0.9998383907491238,0.0577000027988106
wine_binary,17,nearest_neighbor,1.0,3.608480593264173,0.009899988071992993
wine_binary,17,random_search,1.0,2.2178437977180563,0.3166499955113977
wine_binary,17,treesat_exact,1.0,0.9002187486601321,0.05300001066643745
wine_binary,18,nearest_neighbor,1.0,3.608578545109105,0.009700001101009548
wine_binary,18,random_search,1.0,2.2886305881702653,0.3156000020680949
wine_binary,18,treesat_exact,1.0,0.8896817108034174,0.05044999124947935
wine_binary,19,nearest_neighbor,1.0,3.4896566383044396,0.009600014891475439
wine_binary,19,random_search,0.9666666666666667,1.5123410654818916,0.32619999547023326
wine_binary,19,treesat_exact,0.9666666666666667,0.8232036000641991,0.05114999657962471
